name_muni,Name,Population,Medium_Salary,PIB_per_capita,Mesoregion,Microregion,GINI ,Area,Urban_Area,Demographic_Density
Abadia Dos Dourados,"""Abadia Dos Dourados""",6272 ,1.4,21962.98,Triângulo Mineiro/Alto Paranaíba,Patrocínio,0.689,880.461 ,1.41 ,7.12 
Abaeté,"""Abaeté""",22675 ,1.6,23905.96,Central Mineira,Três Marias,0.698,1817.067 ,6.96 ,12.48 
Abre Campo,"""Abre Campo""",13927 ,1.5,16849.29,Zona da Mata,Manhuaçu,0.654,470.551 ,2.47 ,29.60 
Acaiaca,"""Acaiaca""",3909 ,1.6,14536.04,Zona da Mata,Ponte Nova,0.63,101.886 ,0.80 ,38.37 
Açucena,"""Açucena""",8943 ,1.5,14790.41,Vale do Rio Doce,Ipatinga,0.61,815.422 ,2.09 ,10.97 
Água Boa,"""Água Boa""",12589 ,1.6,12792.84,Vale do Rio Doce,Peçanha,0.576,1320.344 ,1.99 ,9.53 
Água Comprida,"""Água Comprida""",2108 ,2.7,80179.75,Triângulo Mineiro/Alto Paranaíba,Uberaba,0.675,492.167 ,1.17 ,4.28 
Aguanil,"""Aguanil""",4357 ,1.6,15825.97,Oeste de Minas,Campo Belo,0.663,232.091 ,1.72 ,18.77 
Águas Formosas,"""Águas Formosas""",18450 ,1.8,13197.5,Vale do Mucuri,Nanuque,0.645,820.079 ,3.16 ,22.50 
Águas Vermelhas,"""Águas Vermelhas""",14037 ,1.4,15777.06,Norte de Minas,Salinas,0.601,1256.607 ,3.65 ,11.17 
Aimorés,"""Aimorés""",25269 ,1.7,22980.65,Vale do Rio Doce,Aimorés,0.684,1348.913 ,5.58 ,18.73 
Aiuruoca,"""Aiuruoca""",6233 ,1.9,18907.82,Sul/Sudoeste de Minas,Andrelândia,0.668,649.680 ,1.29 ,9.59 
Alagoa,"""Alagoa""",2749 ,1.8,17278.61,Sul/Sudoeste de Minas,São Lourenço,0.649,161.356 ,0.53 ,17.04 
Albertina,"""Albertina""",2945 ,2,35219.86,Sul/Sudoeste de Minas,Poços de Caldas,0.673,58.010 ,0.89 ,50.77 
Além Paraíba,"""Além Paraíba""",30717 ,1.6,25413.78,Zona da Mata,Cataguases,0.726,510.250 ,5.85 ,60.20 
Alfenas,"""Alfenas""",78970 ,2.4,33843.71,Sul/Sudoeste de Minas,Alfenas,0.761,850.446 ,18.00 ,92.86 
Alfredo Vasconcelos,"""Alfredo Vasconcelos""",6931 ,1.8,16846.93,Campo das Vertentes,Barbacena,0.675,130.815 ,2.06 ,52.98 
Almenara,"""Almenara""",40364 ,1.7,15014.42,Jequitinhonha,Almenara,0.642,2294.426 ,8.47 ,17.59 
Alpercata,"""Alpercata""",6903 ,1.6,11761.69,Vale do Rio Doce,Governador Valadares,0.646,166.972 ,2.74 ,41.34 
Alpinópolis,"""Alpinópolis""",18300 ,1.8,22563.39,Sul/Sudoeste de Minas,Passos,0.725,460.685 ,4.02 ,39.72 
Alterosa,"""Alterosa""",13915 ,1.6,16697.58,Sul/Sudoeste de Minas,Alfenas,0.668,362.010 ,2.86 ,38.44 
Alto Caparaó,"""Alto Caparaó""",5795 ,1.7,14345.03,Zona da Mata,Manhuaçu,0.661,103.690 ,1.15 ,55.89 
Alto Jequitibá,"""Alto Jequitibá""",8397 ,1.7,13410.81,Zona da Mata,Manhuaçu,0.66,152.272 ,1.79 ,55.14 
Alto Rio Doce,"""Alto Rio Doce""",10891 ,1.7,16495.73,Zona da Mata,Viçosa,0.62,518.053 ,2.37 ,21.02 
Alvarenga,"""Alvarenga""",3973 ,1.7,12676.05,Vale do Rio Doce,Aimorés,0.592,278.175 ,0.70 ,14.28 
Alvinópolis,"""Alvinópolis""",15059 ,1.7,22118.38,Metropolitana de Belo Horizonte,Itabira,0.676,599.443 ,2.81 ,25.12 
Alvorada De Minas,"""Alvorada De Minas""",4159 ,2,16937.26,Metropolitana de Belo Horizonte,Conceição do Mato Dentro,0.572,374.008 ,1.15 ,11.12 
Amparo Do Serra,"""Amparo Do Serra""",4541 ,1.6,10829.79,Zona da Mata,Viçosa,0.641,136.186 ,0.74 ,33.34 
Andradas,"""Andradas""",40548 ,1.8,24564.51,Sul/Sudoeste de Minas,Poços de Caldas,0.734,469.396 ,8.77 ,86.38 
Andrelândia,"""Andrelândia""",11927 ,1.6,20418.04,Sul/Sudoeste de Minas,Andrelândia,0.7,1005.285 ,2.57 ,11.86 
Angelândia,"""Angelândia""",7718 ,1.7,13531.54,Jequitinhonha,Capelinha,0.597,185.211 ,1.53 ,41.67 
Antônio Carlos,"""Antônio Carlos""",11095 ,1.8,17162.33,Campo das Vertentes,Barbacena,0.683,529.915 ,3.47 ,20.94 
Antônio Dias,"""Antônio Dias""",9219 ,1.6,42370.18,Vale do Rio Doce,Ipatinga,0.645,787.061 ,1.58 ,11.71 
Antônio Prado De Minas,"""Antônio Prado De Minas""",1538 ,2,16753.38,Zona da Mata,Muriaé,0.684,83.802 ,0.22 ,18.35 
Araçaí,"""Araçaí""",2181 ,2,24321.01,Metropolitana de Belo Horizonte,Sete Lagoas,0.695,187.538 ,1.23 ,11.63 
Aracitaba,"""Aracitaba""",2049 ,1.9,13382.42,Zona da Mata,Juiz de Fora,0.661,106.608 ,0.42 ,19.22 
Araçuaí,"""Araçuaí""",34297 ,1.6,13441.04,Jequitinhonha,Araçuaí,0.663,2236.279 ,8.68 ,15.34 
Araguari,"""Araguari""",117808 ,2.1,50308.19,Triângulo Mineiro/Alto Paranaíba,Uberlândia,0.773,2729.777 ,34.82 ,43.16 
Arantina,"""Arantina""",2915 ,1.6,24497.97,Sul/Sudoeste de Minas,Andrelândia,0.697,89.420 ,1.18 ,32.60 
Araponga,"""Araponga""",8048 ,1.8,11376.31,Zona da Mata,Viçosa,0.536,303.793 ,1.04 ,26.49 
Araporã,"""Araporã""",8479 ,2.9,210970.72,Triângulo Mineiro/Alto Paranaíba,Uberlândia,0.708,294.354 ,2.66 ,28.81 
Arapuá,"""Arapuá""",2631 ,2.1,56790.19,Triângulo Mineiro/Alto Paranaíba,Patos de Minas,0.724,173.894 ,0.57 ,15.13 
Araújos,"""Araújos""",9199 ,1.5,39780.96,Central Mineira,Bom Despacho,0.698,245.522 ,2.33 ,37.47 
Araxá,"""Araxá""",111691 ,2.6,56776.64,Triângulo Mineiro/Alto Paranaíba,Araxá,0.772,1164.062 ,32.11 ,95.95 
Arceburgo,"""Arceburgo""",9177 ,1.9,29424.62,Sul/Sudoeste de Minas,São Sebastião do Paraíso,0.683,162.875 ,2.59 ,56.34 
Arcos,"""Arcos""",41417 ,2,37766.76,Oeste de Minas,Formiga,0.749,509.873 ,12.58 ,81.23 
Areado,"""Areado""",13881 ,1.8,16636.21,Sul/Sudoeste de Minas,Alfenas,0.727,283.124 ,3.37 ,49.03 
Argirita,"""Argirita""",2688 ,1.7,13579.76,Zona da Mata,Cataguases,0.643,159.378 ,0.59 ,16.87 
Aricanduva,"""Aricanduva""",4719 ,1.6,11511.89,Jequitinhonha,Capelinha,0.582,243.329 ,0.81 ,19.39 
Arinos,"""Arinos""",17272 ,1.7,15691.27,Noroeste de Minas,Unaí,0.656,5279.419 ,4.62 ,3.27 
Astolfo Dutra,"""Astolfo Dutra""",14138 ,1.4,19103.71,Zona da Mata,Ubá,0.694,158.891 ,3.59 ,88.98 
Ataléia,"""Ataléia""",13736 ,1.8,14578.14,Vale do Mucuri,Teófilo Otoni,0.588,1836.925 ,2.20 ,7.48 
Augusto De Lima,"""Augusto De Lima""",4538 ,1.8,13756.26,Central Mineira,Curvelo,0.656,1254.832 ,2.06 ,3.62 
Baependi,"""Baependi""",18366 ,1.7,16944.94,Sul/Sudoeste de Minas,São Lourenço,0.681,750.554 ,3.87 ,24.47 
Baldim,"""Baldim""",7492 ,1.8,20885.71,Metropolitana de Belo Horizonte,Sete Lagoas,0.671,556.266 ,3.27 ,13.47 
Bambuí,"""Bambuí""",23546 ,1.8,27101.66,Oeste de Minas,Piuí,0.741,1455.819 ,6.61 ,16.17 
Bandeira,"""Bandeira""",4741 ,1.7,10773.29,Jequitinhonha,Almenara,0.599,483.789 ,0.55 ,9.80 
Bandeira Do Sul,"""Bandeira Do Sul""",5943 ,1.7,13691.54,Sul/Sudoeste de Minas,Poços de Caldas,0.692,47.266 ,1.72 ,125.74 
Barão De Cocais,"""Barão De Cocais""",30778 ,2.3,33262,Metropolitana de Belo Horizonte,Itabira,0.722,340.140 ,8.38 ,90.49 
Barão De Monte Alto,"""Barão De Monte Alto""",4964 ,1.6,10686.4,Zona da Mata,Muriaé,0.649,198.313 ,1.34 ,25.03 
Barbacena,"""Barbacena""",125317 ,2.1,22976.86,Campo das Vertentes,Barbacena,0.769,759.186 ,28.63 ,165.07 
Barra Longa,"""Barra Longa""",5666 ,1.9,14322.27,Zona da Mata,Ponte Nova,0.624,383.628 ,1.39 ,14.77 
Barroso,"""Barroso""",20080 ,1.8,23555.61,Campo das Vertentes,Barbacena,0.734,82.070 ,6.22 ,244.67 
Bela Vista De Minas,"""Bela Vista De Minas""",10167 ,2.5,31152.83,Metropolitana de Belo Horizonte,Itabira,0.674,109.143 ,1.95 ,93.15 
Belmiro Braga,"""Belmiro Braga""",3244 ,1.8,17009.27,Zona da Mata,Juiz de Fora,0.66,393.086 ,0.85 ,8.25 
Belo Horizonte,"""Belo Horizonte""",2315560 ,3.4,38670.4,Metropolitana de Belo Horizonte,Belo Horizonte,0.81,331.354 ,274.04 ,6988.18 
Belo Oriente,"""Belo Oriente""",23928 ,2.6,69522.13,Vale do Rio Doce,Ipatinga,0.686,334.909 ,6.71 ,71.45 
Belo Vale,"""Belo Vale""",8627 ,1.9,27060.74,Metropolitana de Belo Horizonte,Itaguara,0.655,365.923 ,2.46 ,23.58 
Berilo,"""Berilo""",9826 ,1.6,8941.69,Jequitinhonha,Capelinha,0.628,587.106 ,2.49 ,16.74 
Berizal,"""Berizal""",4201 ,1.4,11399.58,Norte de Minas,Salinas,0.604,488.756 ,0.87 ,8.60 
Bertópolis,"""Bertópolis""",4451 ,1.4,9959.38,Vale do Mucuri,Nanuque,0.594,427.803 ,0.76 ,10.40 
Betim,"""Betim""",411859 ,3,58871.28,Metropolitana de Belo Horizonte,Belo Horizonte,0.749,344.062 ,92.02 ,1197.05 
Bias Fortes,"""Bias Fortes""",3361 ,1.6,11029.45,Zona da Mata,Juiz de Fora,0.62,283.535 ,0.59 ,11.85 
Bicas,"""Bicas""",13978 ,1.3,18972.16,Zona da Mata,Juiz de Fora,0.744,140.082 ,3.51 ,99.78 
Biquinhas,"""Biquinhas""",2383 ,1.9,20867.47,Central Mineira,Três Marias,0.688,458.948 ,0.98 ,5.19 
Boa Esperança,"""Boa Esperança""",39848 ,1.8,23022.21,Sul/Sudoeste de Minas,Varginha,0.704,860.669 ,7.64 ,46.30 
Bocaina De Minas,"""Bocaina De Minas""",5348 ,1.5,13592.61,Sul/Sudoeste de Minas,Andrelândia,0.645,503.770 ,1.83 ,10.62 
Bocaiúva,"""Bocaiuva""",48032 ,1.6,20915.84,Norte de Minas,Bocaiúva,0.7,3206.757 ,10.63 ,14.98 
Bom Despacho,"""Bom Despacho""",51737 ,1.8,28324.99,Central Mineira,Bom Despacho,0.75,1213.546 ,17.59 ,42.63 
Bom Jardim De Minas,"""Bom Jardim De Minas""",6783 ,1.6,18572.09,Sul/Sudoeste de Minas,Andrelândia,0.673,412.021 ,1.90 ,16.46 
Bom Jesus Da Penha,"""Bom Jesus Da Penha""",4474 ,2,37481.11,Sul/Sudoeste de Minas,Passos,0.735,208.349 ,1.04 ,21.47 
Bom Jesus Do Amparo,"""Bom Jesus Do Amparo""",5631 ,1.4,23378.76,Metropolitana de Belo Horizonte,Itabira,0.683,195.611 ,3.31 ,28.79 
Bom Jesus Do Galho,"""Bom Jesus Do Galho""",14537 ,1.6,10898.87,Vale do Rio Doce,Caratinga,0.623,592.289 ,3.00 ,24.54 
Bom Repouso,"""Bom Repouso""",12649 ,1.8,13699.84,Sul/Sudoeste de Minas,Pouso Alegre,0.653,229.845 ,1.72 ,55.03 
Bom Sucesso,"""Bom Sucesso""",17151 ,1.7,21414,Oeste de Minas,Oliveira,0.692,705.046 ,4.07 ,24.33 
Bonfim,"""Bonfim""",7434 ,1.6,16278.88,Metropolitana de Belo Horizonte,Itaguara,0.637,301.865 ,2.95 ,24.63 
Bonfinópolis De Minas,"""Bonfinópolis De Minas""",5528 ,1.9,50785.65,Noroeste de Minas,Unaí,0.678,1850.487 ,1.46 ,2.99 
Bonito De Minas,"""Bonito De Minas""",10204 ,1.8,8001.93,Norte de Minas,Januária,0.537,3936.455 ,1.50 ,2.59 
Borda Da Mata,"""Borda Da Mata""",17404 ,1.6,17404.31,Sul/Sudoeste de Minas,Pouso Alegre,0.73,301.108 ,4.53 ,57.80 
Botelhos,"""Botelhos""",14828 ,1.8,18275.11,Sul/Sudoeste de Minas,Poços de Caldas,0.702,334.089 ,3.55 ,44.38 
Botumirim,"""Botumirim""",5790 ,1.5,9638.98,Norte de Minas,Grão Mogol,0.602,1568.884 ,1.35 ,3.69 
Brás Pires,"""Brás Pires""",4260 ,1.4,10442.36,Zona da Mata,Viçosa,0.625,223.351 ,1.13 ,19.07 
Brasilândia De Minas,"""Brasilândia De Minas""",15020 ,1.9,23051.81,Noroeste de Minas,Paracatu,0.674,2509.694 ,5.50 ,5.98 
Brasília De Minas,"""Brasília De Minas""",32025 ,1.8,11029.18,Norte de Minas,Montes Claros,0.656,1399.484 ,7.14 ,22.88 
Brazópolis,"""Brazópolis""",14246 ,1.6,12824.27,Sul/Sudoeste de Minas,Itajubá,0.692,367.688 ,3.29 ,38.74 
Braúnas,"""Braúnas""",4441 ,1.9,42615.85,Vale do Rio Doce,Guanhães,0.624,378.318 ,0.71 ,11.74 
Brumadinho,"""Brumadinho""",38915 ,2.3,57064.24,Metropolitana de Belo Horizonte,Belo Horizonte,0.747,639.434 ,23.02 ,60.86 
Bueno Brandão,"""Bueno Brandão""",10911 ,1.8,16573.45,Sul/Sudoeste de Minas,Pouso Alegre,0.658,356.150 ,1.45 ,30.64 
Buenópolis,"""Buenópolis""",9150 ,1.6,12763.9,Central Mineira,Curvelo,0.669,1599.881 ,2.27 ,5.72 
Bugre,"""Bugre""",4041 ,1.5,10571.82,Vale do Rio Doce,Caratinga,0.627,161.491 ,0.92 ,25.02 
Buritis,"""Buritis""",24034 ,2.1,38041.06,Noroeste de Minas,Unaí,0.672,5225.186 ,6.66 ,4.60 
Buritizeiro,"""Buritizeiro""",23910 ,1.7,21029.28,Norte de Minas,Pirapora,0.624,7218.401 ,8.32 ,3.31 
Cabeceira Grande,"""Cabeceira Grande""",6627 ,2.2,55628.4,Noroeste de Minas,Unaí,0.648,1033.055 ,2.62 ,6.41 
Cabo Verde,"""Cabo Verde""",11410 ,1.9,18243.59,Sul/Sudoeste de Minas,São Sebastião do Paraíso,0.674,368.206 ,2.02 ,30.99 
Cachoeira Da Prata,"""Cachoeira Da Prata""",3693 ,1.5,13669.94,Metropolitana de Belo Horizonte,Sete Lagoas,0.741,61.381 ,1.65 ,60.17 
Cachoeira De Minas,"""Cachoeira De Minas""",11884 ,1.7,33682.4,Sul/Sudoeste de Minas,Santa Rita do Sapucaí,0.706,304.243 ,2.34 ,39.06 
Cachoeira De Pajeú,"""Cachoeira De Pajeú""",9110 ,1.7,12872.1,Jequitinhonha,Pedra Azul,0.578,695.672 ,1.95 ,13.10 
Cachoeira Dourada,"""Cachoeira Dourada""",2315 ,2.5,38193.51,Triângulo Mineiro/Alto Paranaíba,Ituiutaba,0.726,203.070 ,0.62 ,11.40 
Caetanópolis,"""Caetanópolis""",11435 ,1.5,22894.35,Metropolitana de Belo Horizonte,Sete Lagoas,0.706,156.039 ,8.36 ,73.28 
Caeté,"""Caeté""",38776 ,1.9,20233.61,Metropolitana de Belo Horizonte,Belo Horizonte,0.728,542.531 ,12.00 ,71.47 
Caiana,"""Caiana""",5304 ,1.6,20435.49,Zona da Mata,Muriaé,0.633,106.465 ,0.70 ,49.82 
Cajuri,"""Cajuri""",4088 ,1.7,23518.73,Zona da Mata,Viçosa,0.617,83.038 ,1.37 ,49.23 
Caldas,"""Caldas""",14217 ,2.4,18427.97,Sul/Sudoeste de Minas,Poços de Caldas,0.687,711.414 ,5.08 ,19.98 
Camacho,"""Camacho""",2838 ,2,16915.13,Oeste de Minas,Formiga,0.69,223.001 ,0.49 ,12.73 
Camanducaia,"""Camanducaia""",26097 ,1.8,34392.09,Sul/Sudoeste de Minas,Pouso Alegre,0.689,528.688 ,9.46 ,49.36 
Cambuí,"""Cambuí""",29536 ,1.9,61061.97,Sul/Sudoeste de Minas,Pouso Alegre,0.751,244.567 ,6.94 ,120.77 
Cambuquira,"""Cambuquira""",12313 ,1.6,25379.18,Sul/Sudoeste de Minas,São Lourenço,0.699,246.380 ,3.61 ,49.98 
Campanário,"""Campanário""",2923 ,1.5,13060.69,Vale do Rio Doce,Governador Valadares,0.616,442.398 ,0.83 ,6.61 
Campanha,"""Campanha""",15935 ,1.6,22573.66,Sul/Sudoeste de Minas,Varginha,0.709,335.587 ,4.03 ,47.48 
Campestre,"""Campestre""",20696 ,2.2,19791.76,Sul/Sudoeste de Minas,Poços de Caldas,0.698,577.843 ,3.74 ,35.82 
Campina Verde,"""Campina Verde""",18011 ,1.7,23504.63,Triângulo Mineiro/Alto Paranaíba,Frutal,0.704,3650.749 ,5.72 ,4.93 
Campo Azul,"""Campo Azul""",3714 ,1.5,10126.04,Norte de Minas,Montes Claros,0.621,505.914 ,0.70 ,7.34 
Campo Belo,"""Campo Belo""",52277 ,1.6,20640.44,Oeste de Minas,Campo Belo,0.711,528.225 ,12.49 ,98.97 
Campo Do Meio,"""Campo Do Meio""",11377 ,1.6,15701.46,Sul/Sudoeste de Minas,Varginha,0.683,275.426 ,1.64 ,41.31 
Campo Florido,"""Campo Florido""",8466 ,2.7,79067.52,Triângulo Mineiro/Alto Paranaíba,Uberaba,0.706,1264.245 ,1.95 ,6.70 
Campos Altos,"""Campos Altos""",12979 ,1.9,23876,Triângulo Mineiro/Alto Paranaíba,Araxá,0.702,710.645 ,3.14 ,18.26 
Campos Gerais,"""Campos Gerais""",26105 ,1.8,22014.41,Sul/Sudoeste de Minas,Varginha,0.682,769.504 ,4.35 ,33.92 
Cana Verde,"""Cana Verde""",5272 ,1.6,12622.75,Oeste de Minas,Campo Belo,0.65,212.721 ,1.26 ,24.78 
Canaã,"""Canaã""",4715 ,1.6,15681.05,Zona da Mata,Viçosa,0.649,174.900 ,0.85 ,26.96 
Canápolis,"""Canápolis""",10608 ,2.1,45526.66,Triângulo Mineiro/Alto Paranaíba,Uberlândia,0.722,843.599 ,2.26 ,12.57 
Candeias,"""Candeias""",14001 ,1.5,20129,Oeste de Minas,Campo Belo,0.678,720.512 ,3.02 ,19.43 
Cantagalo,"""Cantagalo""",3974 ,1.6,11102.88,Vale do Rio Doce,Peçanha,0.631,141.855 ,1.19 ,28.01 
Caparaó,"""Caparaó""",5048 ,1.6,16602.82,Zona da Mata,Manhuaçu,0.624,130.694 ,0.71 ,38.62 
Capela Nova,"""Capela Nova""",4362 ,1.6,12214.38,Campo das Vertentes,Barbacena,0.648,111.073 ,0.77 ,39.27 
Capelinha,"""Capelinha""",39624 ,1.6,19336.2,Jequitinhonha,Capelinha,0.653,965.292 ,8.08 ,41.05 
Capetinga,"""Capetinga""",6562 ,1.5,23544.44,Sul/Sudoeste de Minas,Passos,0.675,297.937 ,1.48 ,22.02 
Capim Branco,"""Capim Branco""",10663 ,1.5,9903.79,Metropolitana de Belo Horizonte,Sete Lagoas,0.695,95.333 ,6.04 ,111.85 
Capinópolis,"""Capinópolis""",14655 ,1.9,31609.18,Triângulo Mineiro/Alto Paranaíba,Ituiutaba,0.723,620.716 ,3.87 ,23.61 
Capitão Andrade,"""Capitão Andrade""",4585 ,1.5,10068.56,Vale do Rio Doce,Governador Valadares,0.624,279.088 ,1.34 ,16.43 
Capitão Enéas,"""Capitão Enéas""",14108 ,1.6,23564.85,Norte de Minas,Montes Claros,0.639,971.576 ,3.61 ,14.52 
Capitólio,"""Capitólio""",10380 ,1.8,33046.19,Sul/Sudoeste de Minas,Passos,0.71,521.802 ,5.96 ,19.89 
Caputira,"""Caputira""",8936 ,1.5,11560.05,Zona da Mata,Manhuaçu,0.615,187.704 ,0.92 ,47.61 
Caraí,"""Caraí""",19548 ,1.6,8149.93,Jequitinhonha,Araçuaí,0.558,1242.345 ,3.35 ,15.73 
Caranaíba,"""Caranaíba""",2933 ,1.9,11619.52,Campo das Vertentes,Barbacena,0.634,159.950 ,0.70 ,18.34 
Carandaí,"""Carandaí""",23812 ,1.9,26776.19,Campo das Vertentes,Barbacena,0.697,487.280 ,6.69 ,48.87 
Carangola,"""Carangola""",31240 ,1.6,17880.37,Zona da Mata,Muriaé,0.695,353.404 ,5.45 ,88.40 
Caratinga,"""Caratinga""",87360 ,1.8,21758.52,Vale do Rio Doce,Caratinga,0.706,1258.479 ,17.09 ,69.42 
Carbonita,"""Carbonita""",8512 ,1.5,20461.19,Jequitinhonha,Capelinha,0.638,1456.095 ,2.54 ,5.85 
Careaçu,"""Careaçu""",6816 ,1.7,21978.05,Sul/Sudoeste de Minas,Santa Rita do Sapucaí,0.683,181.009 ,1.57 ,37.66 
Carlos Chagas,"""Carlos Chagas""",18615 ,1.9,25335.65,Vale do Mucuri,Nanuque,0.648,3202.984 ,3.06 ,5.81 
Carmésia,"""Carmésia""",2605 ,1.6,13128.47,Vale do Rio Doce,Guanhães,0.65,259.103 ,0.80 ,10.05 
Carmo Da Cachoeira,"""Carmo Da Cachoeira""",11547 ,2.4,20403.62,Sul/Sudoeste de Minas,Varginha,0.655,506.333 ,2.42 ,22.81 
Carmo Da Mata,"""Carmo Da Mata""",11019 ,1.8,16506.52,Oeste de Minas,Oliveira,0.689,357.178 ,2.32 ,30.85 
Carmo De Minas,"""Carmo De Minas""",13797 ,1.9,14597.15,Sul/Sudoeste de Minas,São Lourenço,0.682,322.285 ,2.45 ,42.81 
Carmo Do Cajuru,"""Carmo Do Cajuru""",23479 ,1.9,22805.68,Oeste de Minas,Divinópolis,0.71,455.808 ,8.00 ,51.51 
Carmo Do Paranaíba,"""Carmo Do Paranaíba""",29011 ,2.1,28270.26,Triângulo Mineiro/Alto Paranaíba,Patos de Minas,0.705,1307.862 ,6.49 ,22.18 
Carmo Do Rio Claro,"""Carmo Do Rio Claro""",20954 ,1.9,27371.42,Sul/Sudoeste de Minas,Alfenas,0.733,1065.685 ,4.20 ,19.66 
Carmópolis De Minas,"""Carmópolis De Minas""",17878 ,1.7,20867.71,Oeste de Minas,Oliveira,0.7,400.010 ,4.42 ,44.69 
Carneirinho,"""Carneirinho""",9422 ,2.4,37159.61,Triângulo Mineiro/Alto Paranaíba,Frutal,0.741,2063.462 ,3.38 ,4.57 
Carrancas,"""Carrancas""",4049 ,1.7,27711.13,Campo das Vertentes,Lavras,0.725,727.894 ,1.13 ,5.56 
Carvalhópolis,"""Carvalhópolis""",3341 ,1.9,16356.64,Sul/Sudoeste de Minas,Alfenas,0.724,81.101 ,0.64 ,41.20 
Carvalhos,"""Carvalhos""",4422 ,1.9,15680.51,Sul/Sudoeste de Minas,Andrelândia,0.646,282.254 ,1.10 ,15.67 
Casa Grande,"""Casa Grande""",2214 ,1.8,24587.32,Metropolitana de Belo Horizonte,Conselheiro Lafaiete,0.652,157.727 ,0.85 ,14.04 
Cascalho Rico,"""Cascalho Rico""",2712 ,1.6,22005.97,Triângulo Mineiro/Alto Paranaíba,Uberlândia,0.721,367.308 ,0.76 ,7.38 
Cássia,"""Cássia""",17155 ,1.9,21804.94,Sul/Sudoeste de Minas,Passos,0.704,665.802 ,5.44 ,25.77 
Cataguases,"""Cataguases""",66261 ,2,20473.59,Zona da Mata,Cataguases,0.751,491.767 ,14.34 ,134.74 
Catas Altas,"""Catas Altas Da Noruega""",5473 ,2.3,201806.62,Metropolitana de Belo Horizonte,Itabira,0.684,240.042 ,1.81 ,22.80 
Catas Altas Da Noruega,"""Catas Altas""",3110 ,1.2,10235.87,Metropolitana de Belo Horizonte,Conselheiro Lafaiete,0.6,141.622 ,0.82 ,21.96 
Catuji,"""Catuji""",7030 ,1.5,11049.76,Vale do Mucuri,Teófilo Otoni,0.54,419.380 ,1.67 ,16.76 
Catuti,"""Catuti""",4739 ,1.6,10174.7,Norte de Minas,Janaúba,0.621,287.812 ,0.91 ,16.47 
Caxambu,"""Caxambu""",21056 ,1.6,16403.46,Sul/Sudoeste de Minas,São Lourenço,0.743,100.483 ,5.48 ,209.55 
Cedro Do Abaeté,"""Cedro Do Abaeté""",1081 ,1.9,19129.38,Central Mineira,Três Marias,0.678,283.211 ,0.52 ,3.82 
Central De Minas,"""Central De Minas""",6171 ,1.4,11579.33,Vale do Rio Doce,Mantena,0.665,204.328 ,1.90 ,30.20 
Centralina,"""Centralina""",10207 ,1.8,29526.87,Triângulo Mineiro/Alto Paranaíba,Uberlândia,0.678,322.385 ,2.84 ,31.66 
Chácara,"""Chácara""",3075 ,1.8,13717.99,Zona da Mata,Juiz de Fora,0.664,152.807 ,2.09 ,20.12 
Chalé,"""Chalé""",6075 ,1.5,14717.29,Zona da Mata,Manhuaçu,0.655,212.674 ,0.80 ,28.56 
Chapada Do Norte,"""Chapada Do Norte""",10337 ,1.5,6802.96,Jequitinhonha,Capelinha,0.598,830.833 ,2.19 ,12.44 
Chapada Gaúcha,"""Chapada Gaúcha""",12355 ,1.9,21114.78,Norte de Minas,Januária,0.635,3255.189 ,3.06 ,3.80 
Chiador,"""Chiador""",2800 ,1.6,14227.27,Zona da Mata,Juiz de Fora,0.711,252.852 ,0.73 ,11.07 
Cipotânea,"""Cipotânea""",5581 ,1.6,9126.7,Zona da Mata,Viçosa,0.579,153.479 ,1.10 ,36.36 
Claraval,"""Claraval""",4658 ,1.8,31710.19,Sul/Sudoeste de Minas,Passos,0.698,227.627 ,0.69 ,20.46 
Claro Dos Poções,"""Claro Dos Poções""",7166 ,1.5,10097.83,Norte de Minas,Montes Claros,0.67,720.424 ,1.97 ,9.95 
Cláudio,"""Cláudio""",30159 ,1.8,28055.65,Oeste de Minas,Divinópolis,0.709,630.706 ,8.05 ,47.82 
Coimbra,"""Coimbra""",7117 ,1.8,16049.33,Zona da Mata,Viçosa,0.669,106.875 ,2.45 ,66.59 
Coluna,"""Coluna""",8163 ,1.6,11864.54,Vale do Rio Doce,Guanhães,0.583,348.492 ,1.25 ,23.42 
Comendador Gomes,"""Comendador Gomes""",2773 ,1.8,42777.96,Triângulo Mineiro/Alto Paranaíba,Frutal,0.697,1041.047 ,0.62 ,2.66 
Comercinho,"""Comercinho""",6660 ,1.7,8606.54,Jequitinhonha,Pedra Azul,0.593,654.961 ,0.98 ,10.17 
Conceição Da Aparecida,"""Conceição Da Aparecida""",10371 ,2.1,20554.01,Sul/Sudoeste de Minas,Alfenas,0.691,352.521 ,1.81 ,29.42 
Conceição Da Barra De Minas,"""Conceição Da Barra De Minas""",3560 ,1.9,15068.92,Campo das Vertentes,São João Del Rei,0.685,273.014 ,0.80 ,13.04 
Conceição Das Alagoas,"""Conceição Das Alagoas""",28381 ,2.3,40562.78,Triângulo Mineiro/Alto Paranaíba,Uberaba,0.712,1340.250 ,5.69 ,21.18 
Conceição Das Pedras,"""Conceição Das Pedras""",2772 ,1.9,17104.61,Sul/Sudoeste de Minas,Santa Rita do Sapucaí,0.668,102.206 ,0.63 ,27.12 
Conceição De Ipanema,"""Conceição De Ipanema""",4409 ,1.6,13563.91,Vale do Rio Doce,Aimorés,0.676,253.935 ,0.65 ,17.36 
Conceição Do Mato Dentro,"""Conceição Do Mato Dentro""",23162 ,4.1,239333.24,Metropolitana de Belo Horizonte,Conceição do Mato Dentro,0.634,1720.040 ,6.84 ,13.47 
Conceição Do Pará,"""Conceição Do Pará""",5415 ,2.5,60120.86,Oeste de Minas,Divinópolis,0.7,250.306 ,3.31 ,21.63 
Conceição Do Rio Verde,"""Conceição Do Rio Verde""",12541 ,1.6,19333.31,Sul/Sudoeste de Minas,São Lourenço,0.665,369.681 ,3.09 ,33.92 
Conceição Dos Ouros,"""Conceição Dos Ouros""",10880 ,1.5,16269.21,Sul/Sudoeste de Minas,Santa Rita do Sapucaí,0.703,180.236 ,3.07 ,60.37 
Cônego Marinho,"""Cônego Marinho""",7237 ,1.7,7655.69,Norte de Minas,Januária,0.621,1610.470 ,4.10 ,4.49 
Confins,"""Confins""",7350 ,3.1,91747.68,Metropolitana de Belo Horizonte,Belo Horizonte,0.747,42.355 ,7.34 ,173.53 
Congonhal,"""Congonhal""",11083 ,1.6,14209.2,Sul/Sudoeste de Minas,Pouso Alegre,0.712,205.125 ,3.14 ,54.03 
Congonhas,"""Congonhas""",52890 ,2.9,54043.71,Metropolitana de Belo Horizonte,Conselheiro Lafaiete,0.753,304.067 ,22.77 ,173.94 
Congonhas Do Norte,"""Congonhas Do Norte""",4831 ,1.7,8909.47,Metropolitana de Belo Horizonte,Conceição do Mato Dentro,0.568,405.671 ,2.02 ,11.91 
Conquista,"""Conquista""",6694 ,2.4,57460.08,Triângulo Mineiro/Alto Paranaíba,Uberaba,0.729,618.363 ,2.71 ,10.83 
Conselheiro Lafaiete,"""Conselheiro Lafaiete""",131621 ,1.8,19668.85,Metropolitana de Belo Horizonte,Conselheiro Lafaiete,0.761,370.246 ,28.69 ,355.50 
Conselheiro Pena,"""Conselheiro Pena""",20824 ,2,14442.56,Vale do Rio Doce,Aimorés,0.662,1483.883 ,5.85 ,14.03 
Consolação,"""Consolação""",1563 ,2.2,16157.17,Sul/Sudoeste de Minas,Itajubá,0.673,89.122 ,0.35 ,17.54 
Contagem,"""Contagem""",621865 ,2.3,44185.87,Metropolitana de Belo Horizonte,Belo Horizonte,0.756,194.746 ,102.33 ,3193.21 
Coqueiral,"""Coqueiral""",9023 ,1.7,21779.12,Sul/Sudoeste de Minas,Varginha,0.694,296.163 ,1.59 ,30.47 
Coração De Jesus,"""Coração De Jesus""",25377 ,1.5,9106.94,Norte de Minas,Montes Claros,0.642,2225.216 ,5.35 ,11.40 
Cordisburgo,"""Cordisburgo""",7547 ,1.6,13173.1,Metropolitana de Belo Horizonte,Sete Lagoas,0.656,823.654 ,3.14 ,9.16 
Cordislândia,"""Cordislândia""",3200 ,1.5,22737.02,Sul/Sudoeste de Minas,Santa Rita do Sapucaí,0.66,179.543 ,1.04 ,17.82 
Corinto,"""Corinto""",23532 ,1.7,28393.14,Central Mineira,Curvelo,0.68,2525.397 ,6.87 ,9.32 
Coroaci,"""Coroaci""",10884 ,1.6,11986.92,Vale do Rio Doce,Governador Valadares,0.626,576.274 ,1.43 ,18.89 
Coromandel,"""Coromandel""",28894 ,1.9,46059.05,Triângulo Mineiro/Alto Paranaíba,Patrocínio,0.708,3313.313 ,8.15 ,8.72 
Coronel Fabriciano,"""Coronel Fabriciano""",104736 ,1.7,16553.48,Vale do Rio Doce,Ipatinga,0.755,221.252 ,15.65 ,473.38 
Coronel Murta,"""Coronel Murta""",8200 ,1.5,9696.43,Jequitinhonha,Araçuaí,0.627,815.413 ,1.63 ,10.06 
Coronel Pacheco,"""Coronel Pacheco""",2762 ,1.6,17622.01,Zona da Mata,Juiz de Fora,0.669,131.511 ,0.74 ,21.00 
Coronel Xavier Chaves,"""Coronel Xavier Chaves""",3486 ,1.8,17657.86,Campo das Vertentes,São João Del Rei,0.677,140.954 ,1.29 ,24.73 
Córrego Danta,"""Córrego Danta""",2960 ,1.8,48855.38,Oeste de Minas,Piuí,0.692,657.425 ,0.71 ,4.50 
Córrego Do Bom Jesus,"""Córrego Do Bom Jesus""",4272 ,1.8,11527.13,Sul/Sudoeste de Minas,Pouso Alegre,0.692,123.651 ,1.17 ,34.55 
Córrego Fundo,"""Córrego Fundo""",6133 ,1.9,32142.46,Oeste de Minas,Formiga,0.678,101.112 ,1.93 ,60.66 
Córrego Novo,"""Córrego Novo""",2875 ,1.5,12825.78,Vale do Rio Doce,Caratinga,0.632,205.385 ,0.69 ,14.00 
Couto De Magalhães De Minas,"""Couto De Magalhães De Minas""",4245 ,1.9,13424.37,Jequitinhonha,Diamantina,0.659,485.654 ,1.27 ,8.74 
Crisólita,"""Crisólita""",5265 ,1.9,10245.41,Vale do Mucuri,Nanuque,0.585,966.202 ,1.06 ,5.45 
Cristais,"""Cristais""",12197 ,1.1,18709.19,Oeste de Minas,Campo Belo,0.692,628.434 ,1.82 ,19.41 
Cristália,"""Cristália""",5121 ,1.5,8582.93,Norte de Minas,Grão Mogol,0.583,840.702 ,1.50 ,6.09 
Cristiano Otoni,"""Cristiano Otoni""",4667 ,1.7,25409.47,Metropolitana de Belo Horizonte,Conselheiro Lafaiete,0.695,132.872 ,1.37 ,35.12 
Cristina,"""Cristina""",10374 ,1.5,20370.66,Sul/Sudoeste de Minas,Itajubá,0.668,311.330 ,2.09 ,33.32 
Crucilândia,"""Crucilândia""",5434 ,1.5,15940.32,Metropolitana de Belo Horizonte,Itaguara,0.651,167.164 ,1.19 ,32.51 
Cruzeiro Da Fortaleza,"""Cruzeiro Da Fortaleza""",3521 ,2.2,37329.79,Triângulo Mineiro/Alto Paranaíba,Patrocínio,0.696,187.446 ,0.95 ,18.78 
Cruzília,"""Cruzília""",15362 ,1.5,17479.04,Sul/Sudoeste de Minas,Andrelândia,0.695,522.419 ,3.54 ,29.41 
Cuparaque,"""Cuparaque""",3983 ,1.4,13141.66,Vale do Rio Doce,Aimorés,0.627,226.750 ,1.40 ,17.57 
Curral De Dentro,"""Curral De Dentro""",7406 ,1.6,9262.06,Norte de Minas,Salinas,0.585,570.950 ,1.79 ,12.97 
Curvelo,"""Curvelo""",80352 ,1.7,24091.8,Central Mineira,Curvelo,0.713,3296.200 ,23.63 ,24.38 
Datas,"""Datas""",5465 ,1.5,11408.79,Jequitinhonha,Diamantina,0.616,310.099 ,1.30 ,17.62 
Delfim Moreira,"""Delfim Moreira""",7952 ,1.9,14118.12,Sul/Sudoeste de Minas,Itajubá,0.669,408.473 ,2.22 ,19.47 
Delfinópolis,"""Delfinópolis""",8397 ,1.9,29471.34,Sul/Sudoeste de Minas,Passos,0.74,1378.423 ,2.69 ,6.09 
Delta,"""Delta""",10494 ,2.8,43512.58,Triângulo Mineiro/Alto Paranaíba,Uberaba,0.639,102.784 ,3.42 ,102.10 
Descoberto,"""Descoberto""",4928 ,1.4,14018.95,Zona da Mata,Juiz de Fora,0.68,213.168 ,1.05 ,23.12 
Desterro De Entre Rios,"""Desterro De Entre Rios""",7653 ,2.7,31459.47,Metropolitana de Belo Horizonte,Conselheiro Lafaiete,0.639,377.165 ,2.03 ,20.29 
Desterro Do Melo,"""Desterro Do Melo""",2994 ,1.7,14872.76,Campo das Vertentes,Barbacena,0.631,142.279 ,0.51 ,21.04 
Diamantina,"""Diamantina""",47702 ,3,17596.65,Jequitinhonha,Diamantina,0.716,3891.659 ,11.98 ,12.26 
Diogo De Vasconcelos,"""Diogo De Vasconcelos""",3549 ,1.6,10642.24,Metropolitana de Belo Horizonte,Ouro Preto,0.601,165.091 ,0.81 ,21.50 
Dionísio,"""Dionísio""",6847 ,1.3,10749.5,Metropolitana de Belo Horizonte,Itabira,0.702,339.375 ,1.65 ,20.18 
Divinésia,"""Divinésia""",4226 ,1.5,15894.05,Zona da Mata,Ubá,0.657,116.970 ,1.36 ,36.13 
Divino,"""Divino""",20706 ,1.4,14083.03,Zona da Mata,Muriaé,0.605,337.776 ,3.08 ,61.30 
Divino Das Laranjeiras,"""Divino Das Laranjeiras""",4178 ,1.5,11050.35,Vale do Rio Doce,Governador Valadares,0.661,342.249 ,1.35 ,12.21 
Divinolândia De Minas,"""Divinolândia De Minas""",6516 ,1.5,9754.26,Vale do Rio Doce,Guanhães,0.623,133.120 ,2.31 ,48.95 
Divinópolis,"""Divinópolis""",231091 ,2,29331.04,Oeste de Minas,Divinópolis,0.764,708.115 ,67.71 ,326.35 
Divisa Alegre,"""Divisa Alegre""",6321 ,2.1,18973.39,Norte de Minas,Salinas,0.608,117.802 ,2.10 ,53.66 
Divisa Nova,"""Divisa Nova""",5851 ,1.6,15992.72,Sul/Sudoeste de Minas,Alfenas,0.67,216.955 ,1.25 ,26.97 
Divisópolis,"""Divisópolis""",10213 ,1.8,8055.14,Jequitinhonha,Almenara,0.609,572.926 ,1.87 ,17.83 
Dom Bosco,"""Dom Bosco""",3697 ,1.7,15391.95,Noroeste de Minas,Unaí,0.673,817.383 ,1.29 ,4.52 
Dom Cavati,"""Dom Cavati""",4904 ,1.4,12481.44,Vale do Rio Doce,Caratinga,0.688,59.520 ,1.13 ,82.39 
Dom Joaquim,"""Dom Joaquim""",4899 ,1.8,11956.53,Metropolitana de Belo Horizonte,Conceição do Mato Dentro,0.622,398.793 ,1.23 ,12.28 
Dom Silvério,"""Dom Silvério""",5228 ,1.8,18924.09,Zona da Mata,Ponte Nova,0.709,194.972 ,1.29 ,26.81 
Dom Viçoso,"""Dom Viçoso""",3095 ,2.1,12204.18,Sul/Sudoeste de Minas,Itajubá,0.687,113.921 ,1.02 ,27.17 
Dona Euzébia,"""Dona Euzébia""",6093 ,1.3,14607.04,Zona da Mata,Cataguases,0.701,70.231 ,1.26 ,86.76 
Dores De Campos,"""Dores De Campos""",10007 ,1.8,29889.76,Campo das Vertentes,São João Del Rei,0.686,124.842 ,2.28 ,80.16 
Dores De Guanhães,"""Dores De Guanhães""",5029 ,1.9,35985.28,Vale do Rio Doce,Guanhães,0.636,382.124 ,1.03 ,13.16 
Dores Do Indaiá,"""Dores Do Indaiá""",12630 ,1.6,21467.82,Central Mineira,Bom Despacho,0.719,1111.202 ,3.57 ,11.37 
Dores Do Turvo,"""Dores Do Turvo""",4987 ,1.5,13471.17,Zona da Mata,Ubá,0.629,231.169 ,1.13 ,21.57 
Doresópolis,"""Doresópolis""",1461 ,2.3,35923.91,Oeste de Minas,Piuí,0.692,152.912 ,0.38 ,9.55 
Douradoquara,"""Douradoquara""",1829 ,1.8,37976.68,Triângulo Mineiro/Alto Paranaíba,Patrocínio,0.706,312.878 ,0.53 ,5.85 
Durandé,"""Durandé""",7817 ,1.8,15029.72,Zona da Mata,Manhuaçu,0.645,217.461 ,0.94 ,35.95 
Elói Mendes,"""Elói Mendes""",26336 ,1.8,25360.34,Sul/Sudoeste de Minas,Varginha,0.685,499.537 ,5.39 ,52.72 
Engenheiro Caldas,"""Engenheiro Caldas""",13622 ,1.4,11757.05,Vale do Rio Doce,Governador Valadares,0.644,187.058 ,2.28 ,72.82 
Engenheiro Navarro,"""Engenheiro Navarro""",6354 ,1.5,11291.29,Norte de Minas,Bocaiúva,0.655,608.306 ,1.47 ,10.45 
Entre Folhas,"""Entre Folhas""",5179 ,1.8,11640.19,Vale do Rio Doce,Caratinga,0.634,85.390 ,1.18 ,60.65 
Entre Rios De Minas,"""Entre Rios De Minas""",14746 ,1.6,17383.8,Metropolitana de Belo Horizonte,Conselheiro Lafaiete,0.672,456.796 ,3.38 ,32.28 
Ervália,"""Ervália""",20255 ,1.4,18885.22,Zona da Mata,Viçosa,0.625,357.489 ,3.58 ,56.66 
Esmeraldas,"""Esmeraldas""",85594 ,1.7,11494.08,Metropolitana de Belo Horizonte,Belo Horizonte,0.671,909.727 ,54.77 ,94.09 
Espera Feliz,"""Espera Feliz""",24102 ,1.6,15502.49,Zona da Mata,Muriaé,0.663,317.638 ,3.51 ,75.88 
Espinosa,"""Espinosa""",30443 ,1.4,10458.33,Norte de Minas,Janaúba,0.627,1868.970 ,6.15 ,16.29 
Espírito Santo Do Dourado,"""Espírito Santo Do Dourado""",6611 ,1.7,22431.89,Sul/Sudoeste de Minas,Pouso Alegre,0.685,263.879 ,0.94 ,25.05 
Estiva,"""Estiva""",11502 ,1.9,25161.92,Sul/Sudoeste de Minas,Pouso Alegre,0.691,243.872 ,2.46 ,47.16 
Estrela Dalva,"""Estrela Dalva""",2186 ,1.5,16440.89,Zona da Mata,Cataguases,0.71,131.365 ,0.67 ,16.64 
Estrela Do Indaiá,"""Estrela Do Indaiá""",2772 ,1.9,34695.66,Central Mineira,Bom Despacho,0.676,635.981 ,1.31 ,4.36 
Estrela Do Sul,"""Estrela Do Sul""",6840 ,1.6,47370.87,Triângulo Mineiro/Alto Paranaíba,Patrocínio,0.696,822.454 ,2.44 ,8.32 
Eugenópolis,"""Eugenópolis""",10801 ,1.5,16388.94,Zona da Mata,Muriaé,0.675,309.395 ,1.81 ,34.91 
Ewbank Da Câmara,"""Ewbank Da Câmara""",3875 ,1.7,12148.3,Zona da Mata,Juiz de Fora,0.676,103.834 ,0.66 ,37.32 
Extrema,"""Extrema""",53482 ,2.3,311128.82,Sul/Sudoeste de Minas,Pouso Alegre,0.732,244.575 ,26.76 ,218.67 
Fama,"""Fama""",2578 ,2.1,18445.94,Sul/Sudoeste de Minas,Alfenas,0.717,86.024 ,1.31 ,29.97 
Faria Lemos,"""Faria Lemos""",3188 ,1.8,19014.9,Zona da Mata,Muriaé,0.687,165.224 ,0.48 ,19.30 
Felício Dos Santos,"""Felício Dos Santos""",5133 ,1.7,11751.13,Jequitinhonha,Diamantina,0.606,357.622 ,1.29 ,14.35 
Felisburgo,"""Felisburgo""",6489 ,1.7,9161.66,Jequitinhonha,Almenara,0.583,596.215 ,1.86 ,10.88 
Felixlândia,"""Felixlândia""",13978 ,1.9,16189.53,Central Mineira,Curvelo,0.648,1554.627 ,9.29 ,8.99 
Fernandes Tourinho,"""Fernandes Tourinho""",2789 ,1.5,12394.28,Vale do Rio Doce,Governador Valadares,0.646,151.875 ,0.63 ,18.36 
Ferros,"""Ferros""",9590 ,1.8,14200.74,Metropolitana de Belo Horizonte,Itabira,0.603,1088.791 ,2.75 ,8.81 
Fervedouro,"""Fervedouro""",10445 ,1.5,11937.26,Zona da Mata,Muriaé,0.58,357.683 ,1.37 ,29.20 
Florestal,"""Florestal""",8045 ,1.6,17645.53,Metropolitana de Belo Horizonte,Pará de Minas,0.724,194.242 ,3.53 ,41.42 
Formiga,"""Formiga""",68248 ,1.7,28542.54,Oeste de Minas,Formiga,0.755,1501.915 ,18.25 ,45.44 
Formoso,"""Formoso""",7949 ,2.1,25815.96,Noroeste de Minas,Unaí,0.64,3686.004 ,1.89 ,2.16 
Fortaleza De Minas,"""Fortaleza De Minas""",3477 ,2.2,18073.77,Sul/Sudoeste de Minas,Passos,0.67,218.792 ,0.71 ,15.89 
Fortuna De Minas,"""Fortuna De Minas""",3093 ,1.8,15003.42,Metropolitana de Belo Horizonte,Sete Lagoas,0.696,198.709 ,1.50 ,15.57 
Francisco Badaró,"""Francisco Badaró""",7366 ,1.6,6509.59,Jequitinhonha,Capelinha,0.622,461.481 ,1.48 ,15.96 
Francisco Dumont,"""Francisco Dumont""",4503 ,1.3,13259.13,Norte de Minas,Bocaiúva,0.625,1576.128 ,1.32 ,2.86 
Francisco Sá,"""Francisco Sá""",23476 ,1.6,16461.88,Norte de Minas,Montes Claros,0.654,2747.295 ,4.14 ,8.55 
Franciscópolis,"""Franciscópolis""",5034 ,1.8,14155.36,Vale do Mucuri,Teófilo Otoni,0.603,717.087 ,0.53 ,7.02 
Frei Gaspar,"""Frei Gaspar""",5640 ,1.7,11101.52,Vale do Mucuri,Teófilo Otoni,0.59,626.672 ,0.96 ,9.00 
Frei Inocêncio,"""Frei Inocêncio""",8226 ,1.5,11889.94,Vale do Rio Doce,Governador Valadares,0.648,469.557 ,1.96 ,17.52 
Frei Lagonegro,"""Frei Lagonegro""",3391 ,1.5,10081.71,Vale do Rio Doce,Peçanha,0.543,167.474 ,0.51 ,20.25 
Fronteira,"""Fronteira""",14533 ,2.4,55202.89,Triângulo Mineiro/Alto Paranaíba,Frutal,0.684,199.987 ,7.15 ,72.67 
Fronteira Dos Vales,"""Fronteira Dos Vales""",4345 ,1.5,9556.18,Vale do Mucuri,Nanuque,0.592,320.757 ,0.75 ,13.55 
Fruta De Leite,"""Fruta De Leite""",4647 ,1.3,8288.61,Norte de Minas,Salinas,0.544,762.837 ,1.17 ,6.09 
Frutal,"""Frutal""",58588 ,2.2,36335.36,Triângulo Mineiro/Alto Paranaíba,Frutal,0.73,2426.965 ,15.91 ,24.14 
Funilândia,"""Funilândia""",4686 ,1.6,16625.89,Metropolitana de Belo Horizonte,Sete Lagoas,0.655,199.797 ,4.22 ,23.45 
Galiléia,"""Galileia""",6222 ,1.4,13418.39,Vale do Rio Doce,Governador Valadares,0.654,720.303 ,1.88 ,8.64 
Gameleiras,"""Gameleiras""",4793 ,1.5,10045.49,Norte de Minas,Janaúba,0.65,1733.203 ,1.06 ,2.77 
Glaucilândia,"""Glaucilândia""",2928 ,1.5,12213.2,Norte de Minas,Montes Claros,0.679,145.861 ,0.65 ,20.07 
Goiabeira,"""Goiabeira""",2830 ,1.6,13127.06,Vale do Rio Doce,Aimorés,0.647,112.443 ,0.97 ,25.17 
Goianá,"""Goianá""",4053 ,1.7,15588.57,Zona da Mata,Juiz de Fora,0.716,152.039 ,3.39 ,26.66 
Gonçalves,"""Gonçalves""",4736 ,1.8,17610.75,Sul/Sudoeste de Minas,Pouso Alegre,0.683,187.353 ,0.75 ,25.28 
Gonzaga,"""Gonzaga""",5230 ,1.6,9757.77,Vale do Rio Doce,Guanhães,0.606,209.348 ,1.23 ,24.98 
Gouveia,"""Gouveia""",11331 ,1.5,12472.94,Jequitinhonha,Diamantina,0.681,866.601 ,3.13 ,13.08 
Governador Valadares,"""Governador Valadares""",257172 ,1.9,23929.88,Vale do Rio Doce,Governador Valadares,0.727,2342.376 ,49.93 ,109.79 
Grão Mogol,"""Grão Mogol""",13901 ,1.5,45559.67,Norte de Minas,Grão Mogol,0.604,3885.294 ,2.79 ,3.58 
Grupiara,"""Grupiara""",1392 ,1.5,26785.83,Triângulo Mineiro/Alto Paranaíba,Patrocínio,0.731,193.141 ,0.48 ,7.21 
Guanhães,"""Guanhães""",32244 ,1.7,22967.65,Vale do Rio Doce,Guanhães,0.686,1075.124 ,7.16 ,29.99 
Guapé,"""Guapé""",13772 ,1.6,22244.57,Sul/Sudoeste de Minas,Varginha,0.679,934.345 ,3.08 ,14.74 
Guaraciaba,"""Guaraciaba""",9753 ,1.6,10091.12,Zona da Mata,Ponte Nova,0.623,348.596 ,1.01 ,27.98 
Guaraciama,"""Guaraciama""",5051 ,1.7,10365.09,Norte de Minas,Bocaiúva,0.677,390.263 ,0.81 ,12.94 
Guaranésia,"""Guaranésia""",19150 ,1.9,25365.99,Sul/Sudoeste de Minas,São Sebastião do Paraíso,0.701,294.828 ,5.43 ,64.95 
Guarani,"""Guarani""",7714 ,1.7,15700.05,Zona da Mata,Ubá,0.677,264.194 ,1.98 ,29.20 
Guarará,"""Guarará""",3149 ,1.5,13520.71,Zona da Mata,Juiz de Fora,0.652,88.655 ,0.85 ,35.52 
Guarda-Mor,"""Guarda-Mor""",6539 ,2.1,81264.99,Noroeste de Minas,Paracatu,0.69,2068.808 ,1.36 ,3.16 
Guaxupé,"""Guaxupé""",50911 ,2.2,43824.1,Sul/Sudoeste de Minas,São Sebastião do Paraíso,0.751,286.398 ,18.14 ,177.76 
Guidoval,"""Guidoval""",7131 ,1.4,15928.11,Zona da Mata,Ubá,0.683,158.375 ,1.75 ,45.03 
Guimarânia,"""Guimarânia""",8478 ,1.9,34665.24,Triângulo Mineiro/Alto Paranaíba,Patos de Minas,0.693,366.833 ,1.61 ,23.11 
Guiricema,"""Guiricema""",7778 ,1.3,12231.19,Zona da Mata,Ubá,0.674,293.578 ,2.10 ,26.49 
Gurinhatã,"""Gurinhatã""",5192 ,2,26587.35,Triângulo Mineiro/Alto Paranaíba,Ituiutaba,0.68,1849.137 ,1.37 ,2.81 
Heliodora,"""Heliodora""",6134 ,1.5,17209.61,Sul/Sudoeste de Minas,Santa Rita do Sapucaí,0.657,153.950 ,1.24 ,39.84 
Iapu,"""Iapu""",12030 ,1.7,12962.28,Vale do Rio Doce,Caratinga,0.654,340.994 ,1.69 ,35.28 
Ibertioga,"""Ibertioga""",5198 ,1.6,16444.05,Campo das Vertentes,Barbacena,0.657,346.240 ,1.17 ,15.01 
Ibiá,"""Ibiá""",22229 ,2.1,45379.11,Triângulo Mineiro/Alto Paranaíba,Araxá,0.718,2704.132 ,5.47 ,8.22 
Ibiaí,"""Ibiaí""",6286 ,1.4,9656.56,Norte de Minas,Pirapora,0.614,874.760 ,2.27 ,7.19 
Ibiracatu,"""Ibiracatu""",5081 ,1.6,8898.54,Norte de Minas,Montes Claros,0.591,353.257 ,1.47 ,14.38 
Ibiraci,"""Ibiraci""",10948 ,2.5,48826.44,Sul/Sudoeste de Minas,Passos,0.706,562.095 ,3.81 ,19.48 
Ibirité,"""Ibirité""",170387 ,2.1,14400.9,Metropolitana de Belo Horizonte,Belo Horizonte,0.704,72.395 ,22.60 ,2353.57 
Ibitiúra De Minas,"""Ibitiúra De Minas""",3365 ,1.8,16123.46,Sul/Sudoeste de Minas,Poços de Caldas,0.674,68.316 ,0.73 ,49.26 
Ibituruna,"""Ibituruna""",2698 ,1.8,16524.75,Oeste de Minas,Oliveira,0.675,153.106 ,0.61 ,17.62 
Icaraí De Minas,"""Icaraí De Minas""",10677 ,1.6,8001.86,Norte de Minas,Januária,0.624,625.664 ,2.15 ,17.07 
Igarapé,"""Igarapé""",45847 ,1.9,20834.72,Metropolitana de Belo Horizonte,Belo Horizonte,0.698,110.942 ,19.32 ,413.25 
Igaratinga,"""Igaratinga""",10830 ,1.7,50180.98,Oeste de Minas,Divinópolis,0.651,218.343 ,3.60 ,49.60 
Iguatama,"""Iguatama""",6826 ,2,50708.24,Oeste de Minas,Piuí,0.707,628.200 ,2.42 ,10.87 
Ijaci,"""Ijaci""",7003 ,2.5,60274.43,Campo das Vertentes,Lavras,0.714,105.246 ,3.20 ,66.54 
Ilicínea,"""Ilicínea""",12741 ,1.5,16349.48,Sul/Sudoeste de Minas,Varginha,0.68,376.341 ,2.00 ,33.85 
Imbé De Minas,"""Imbé De Minas""",6986 ,1.3,11356.53,Vale do Rio Doce,Caratinga,0.553,196.735 ,1.08 ,35.51 
Inconfidentes,"""Inconfidentes""",7301 ,1.4,15635.42,Sul/Sudoeste de Minas,Poços de Caldas,0.692,149.611 ,2.08 ,48.80 
Indaiabira,"""Indaiabira""",6346 ,1.4,9592.73,Norte de Minas,Salinas,0.61,1004.149 ,1.02 ,6.32 
Indianópolis,"""Indianópolis""",6171 ,2.9,85864.34,Triângulo Mineiro/Alto Paranaíba,Uberlândia,0.674,830.030 ,2.33 ,7.43 
Ingaí,"""Ingaí""",2580 ,1.8,33915.54,Campo das Vertentes,Lavras,0.697,305.591 ,0.44 ,8.44 
Inhapim,"""Inhapim""",22692 ,1.6,15163.89,Vale do Rio Doce,Caratinga,0.658,858.024 ,4.14 ,26.45 
Inhaúma,"""Inhaúma""",6239 ,1.7,19254.68,Metropolitana de Belo Horizonte,Sete Lagoas,0.702,244.996 ,2.51 ,25.47 
Inimutaba,"""Inimutaba""",7371 ,1.4,10663.82,Central Mineira,Curvelo,0.664,527.060 ,2.67 ,13.99 
Ipaba,"""Ipaba""",17136 ,1.5,9514.6,Vale do Rio Doce,Caratinga,0.665,113.246 ,3.98 ,151.32 
Ipanema,"""Ipanema""",19522 ,1.6,14374.42,Vale do Rio Doce,Aimorés,0.693,456.641 ,3.62 ,42.75 
Ipatinga,"""Ipatinga""",227731 ,2.3,42001.94,Vale do Rio Doce,Ipatinga,0.771,164.884 ,39.78 ,1381.16 
Ipiaçu,"""Ipiaçu""",3775 ,2.1,33566.07,Triângulo Mineiro/Alto Paranaíba,Ituiutaba,0.696,466.020 ,0.87 ,8.10 
Ipuiúna,"""Ipuiuna""",9135 ,1.7,17055.16,Sul/Sudoeste de Minas,Pouso Alegre,0.686,298.195 ,2.24 ,30.63 
Iraí De Minas,"""Iraí De Minas""",7180 ,1.8,30034.2,Triângulo Mineiro/Alto Paranaíba,Patrocínio,0.695,356.264 ,1.89 ,20.15 
Itabira,"""Itabira""",113343 ,2.1,56164.2,Metropolitana de Belo Horizonte,Itabira,0.756,1253.704 ,25.63 ,90.41 
Itabirinha,"""Itabirinha""",10362 ,1.6,11979.33,Vale do Rio Doce,Mantena,0.653,209.034 ,2.03 ,49.57 
Itabirito,"""Itabirito""",53282 ,2.4,126859.47,Metropolitana de Belo Horizonte,Ouro Preto,0.73,544.027 ,21.31 ,97.94 
Itacambira,"""Itacambira""",4252 ,1.8,12452.55,Norte de Minas,Grão Mogol,0.628,1788.445 ,0.44 ,2.38 
Itacarambi,"""Itacarambi""",17208 ,1.7,11355.54,Norte de Minas,Januária,0.641,1225.273 ,4.06 ,14.04 
Itaguara,"""Itaguara""",13846 ,1.6,25391.52,Metropolitana de Belo Horizonte,Itaguara,0.691,410.468 ,3.11 ,33.73 
Itaipé,"""Itaipé""",10463 ,1.8,8197.44,Vale do Mucuri,Teófilo Otoni,0.552,480.829 ,1.65 ,21.76 
Itajubá,"""Itajubá""",93073 ,2.7,33809.39,Sul/Sudoeste de Minas,Itajubá,0.787,294.835 ,19.51 ,315.68 
Itamarandiba,"""Itamarandiba""",32948 ,1.5,17062.45,Jequitinhonha,Capelinha,0.646,2735.573 ,6.01 ,12.04 
Itamarati De Minas,"""Itamarati De Minas""",3690 ,1.4,14271.39,Zona da Mata,Cataguases,0.688,94.568 ,0.60 ,39.02 
Itambacuri,"""Itambacuri""",21042 ,1.6,13448.47,Vale do Rio Doce,Governador Valadares,0.634,1419.209 ,4.39 ,14.83 
Itambé Do Mato Dentro,"""Itambé Do Mato Dentro""",2142 ,1.6,15377.32,Metropolitana de Belo Horizonte,Conceição do Mato Dentro,0.634,380.340 ,0.59 ,5.63 
Itamogi,"""Itamogi""",10770 ,1.7,20786.05,Sul/Sudoeste de Minas,São Sebastião do Paraíso,0.674,243.714 ,2.03 ,44.19 
Itamonte,"""Itamonte""",14786 ,2.1,65183.75,Sul/Sudoeste de Minas,São Lourenço,0.705,431.792 ,3.97 ,34.24 
Itanhandu,"""Itanhandu""",15236 ,1.8,28156.46,Sul/Sudoeste de Minas,São Lourenço,0.739,143.363 ,4.83 ,106.28 
Itanhomi,"""Itanhomi""",11128 ,1.6,11443.67,Vale do Rio Doce,Governador Valadares,0.65,488.843 ,2.42 ,22.76 
Itaobim,"""Itaobim""",19151 ,1.7,13129.02,Jequitinhonha,Pedra Azul,0.629,679.024 ,4.17 ,28.20 
Itapagipe,"""Itapagipe""",13690 ,2.3,30933.73,Triângulo Mineiro/Alto Paranaíba,Frutal,0.723,1802.438 ,3.57 ,7.60 
Itapecerica,"""Itapecerica""",20984 ,1.8,23834.19,Oeste de Minas,Formiga,0.713,1040.519 ,6.45 ,20.17 
Itapeva,"""Itapeva""",12692 ,2.1,69091.44,Sul/Sudoeste de Minas,Pouso Alegre,0.72,177.347 ,5.68 ,71.57 
Itatiaiuçu,"""Itatiaiuçu""",12966 ,3.3,164890.77,Metropolitana de Belo Horizonte,Itaguara,0.677,295.145 ,7.24 ,43.93 
Itaú De Minas,"""Itaú De Minas""",14406 ,2.1,39053.89,Sul/Sudoeste de Minas,Passos,0.776,153.421 ,4.31 ,93.90 
Itaúna,"""Itaúna""",97669 ,2.2,39504.24,Oeste de Minas,Divinópolis,0.758,495.769 ,26.09 ,197.01 
Itaverava,"""Itaverava""",5642 ,1.6,11408.03,Metropolitana de Belo Horizonte,Conselheiro Lafaiete,0.627,284.220 ,1.69 ,19.85 
Itinga,"""Itinga""",13745 ,1.9,8393.59,Jequitinhonha,Araçuaí,0.6,1649.622 ,2.23 ,8.33 
Itueta,"""Itueta""",6052 ,1.7,14727.1,Vale do Rio Doce,Aimorés,0.635,452.676 ,1.25 ,13.37 
Ituiutaba,"""Ituiutaba""",102217 ,1.9,34081.2,Triângulo Mineiro/Alto Paranaíba,Ituiutaba,0.739,2598.046 ,27.34 ,39.34 
Itumirim,"""Itumirim""",6635 ,1.9,13159.96,Campo das Vertentes,Lavras,0.726,234.802 ,2.09 ,28.26 
Iturama,"""Iturama""",38295 ,2.4,57923.01,Triângulo Mineiro/Alto Paranaíba,Frutal,0.747,1404.663 ,11.31 ,27.26 
Itutinga,"""Itutinga""",4217 ,1.7,38742.41,Campo das Vertentes,Lavras,0.727,372.018 ,1.57 ,11.34 
Jaboticatubas,"""Jaboticatubas""",20406 ,1.7,12970.8,Metropolitana de Belo Horizonte,Sete Lagoas,0.681,1114.972 ,25.62 ,18.30 
Jacinto,"""Jacinto""",11042 ,1.6,10187.67,Jequitinhonha,Almenara,0.62,1393.609 ,2.99 ,7.92 
Jacuí,"""Jacuí""",7495 ,1.7,17134.46,Sul/Sudoeste de Minas,São Sebastião do Paraíso,0.668,409.229 ,1.51 ,18.31 
Jacutinga,"""Jacutinga""",25525 ,2,39299.94,Sul/Sudoeste de Minas,Poços de Caldas,0.715,347.667 ,7.98 ,73.42 
Jaguaraçu,"""Jaguaraçu""",3092 ,1.5,34315.57,Vale do Rio Doce,Ipatinga,0.679,163.760 ,1.29 ,18.88 
Jaíba,"""Jaíba""",37660 ,1.7,16129.82,Norte de Minas,Janaúba,0.638,2635.467 ,7.44 ,14.29 
Jampruca,"""Jampruca""",4296 ,1.7,12243.98,Vale do Rio Doce,Governador Valadares,0.609,517.095 ,0.80 ,8.31 
Janaúba,"""Janaúba""",70699 ,1.6,16320.53,Norte de Minas,Janaúba,0.696,2181.319 ,15.49 ,32.41 
Januária,"""Januária""",65130 ,1.7,11921.63,Norte de Minas,Januária,0.658,6661.588 ,17.68 ,9.78 
Japaraíba,"""Japaraíba""",4508 ,1.7,18661.47,Central Mineira,Bom Despacho,0.721,172.141 ,0.96 ,26.19 
Japonvar,"""Japonvar""",8127 ,1.5,8883.47,Norte de Minas,Montes Claros,0.608,375.181 ,1.82 ,21.66 
Jeceaba,"""Jeceaba""",6197 ,4.6,256221.87,Metropolitana de Belo Horizonte,Itaguara,0.661,236.250 ,4.03 ,26.23 
Jenipapo De Minas,"""Jenipapo De Minas""",6100 ,1.5,9929.24,Jequitinhonha,Capelinha,0.624,284.453 ,1.14 ,21.44 
Jequeri,"""Jequeri""",12419 ,1.6,14736.81,Zona da Mata,Ponte Nova,0.601,547.897 ,1.76 ,22.67 
Jequitaí,"""Jequitaí""",6484 ,1.7,16016.66,Norte de Minas,Pirapora,0.643,1268.443 ,1.69 ,5.11 
Jequitibá,"""Jequitibá""",5883 ,1.7,21352.61,Metropolitana de Belo Horizonte,Sete Lagoas,0.689,445.030 ,4.90 ,13.22 
Jequitinhonha,"""Jequitinhonha""",24002 ,1.7,9998.16,Jequitinhonha,Almenara,0.615,3514.216 ,5.31 ,6.83 
Jesuânia,"""Jesuânia""",5138 ,1.7,17029.92,Sul/Sudoeste de Minas,São Lourenço,0.658,153.852 ,1.09 ,33.40 
Joaíma,"""Joaíma""",13888 ,1.7,10360.47,Jequitinhonha,Almenara,0.587,1664.190 ,2.18 ,8.35 
Joanésia,"""Joanésia""",4329 ,1.7,23828.86,Vale do Rio Doce,Ipatinga,0.626,233.292 ,0.96 ,18.56 
João Monlevade,"""João Monlevade""",80187 ,2.1,41476.05,Metropolitana de Belo Horizonte,Itabira,0.758,99.158 ,21.27 ,808.68 
João Pinheiro,"""João Pinheiro""",46801 ,1.8,38719.9,Noroeste de Minas,Paracatu,0.697,10727.097 ,12.48 ,4.36 
Joaquim Felício,"""Joaquim Felício""",3854 ,1.5,14123.82,Central Mineira,Curvelo,0.637,790.935 ,0.84 ,4.87 
Jordânia,"""Jordânia""",10304 ,1.5,8769.9,Jequitinhonha,Almenara,0.628,546.705 ,1.20 ,18.85 
José Gonçalves De Minas,"""José Gonçalves De Minas""",3969 ,1.8,10629.82,Jequitinhonha,Capelinha,0.632,381.332 ,1.05 ,10.41 
José Raydan,"""José Raydan""",4268 ,1.4,13907.11,Vale do Rio Doce,Peçanha,0.617,180.822 ,1.01 ,23.60 
Josenópolis,"""Josenópolis""",3630 ,1.8,10106.36,Norte de Minas,Grão Mogol,0.564,541.393 ,0.63 ,6.70 
Juatuba,"""Juatuba""",30716 ,2.6,48320.93,Metropolitana de Belo Horizonte,Belo Horizonte,0.717,97.017 ,20.29 ,316.60 
Juiz De Fora,"""Juiz De Fora""",540756 ,2.3,29424.88,Zona da Mata,Juiz de Fora,0.778,1435.749 ,96.70 ,376.64 
Juramento,"""Juramento""",3768 ,1.6,10522.97,Norte de Minas,Montes Claros,0.669,431.630 ,1.00 ,8.73 
Juruaia,"""Juruaia""",11084 ,1.3,18449.39,Sul/Sudoeste de Minas,São Sebastião do Paraíso,0.723,220.353 ,2.27 ,50.30 
Juvenília,"""Juvenília""",5789 ,1.4,10197.26,Norte de Minas,Januária,0.592,1064.692 ,1.75 ,5.44 
Ladainha,"""Ladainha""",14375 ,1.9,7306.39,Vale do Mucuri,Teófilo Otoni,0.541,866.290 ,1.83 ,16.59 
Lagamar,"""Lagamar""",6631 ,1.7,25108.99,Noroeste de Minas,Paracatu,0.718,1474.562 ,2.05 ,4.50 
Lagoa Da Prata,"""Lagoa Da Prata""",51412 ,2.1,36754.42,Central Mineira,Bom Despacho,0.732,439.984 ,13.60 ,116.85 
Lagoa Dos Patos,"""Lagoa Dos Patos""",3313 ,1.6,12964.72,Norte de Minas,Pirapora,0.634,600.547 ,0.87 ,5.52 
Lagoa Dourada,"""Lagoa Dourada""",12769 ,1.7,20523.44,Campo das Vertentes,São João Del Rei,0.676,476.693 ,3.71 ,26.79 
Lagoa Formosa,"""Lagoa Formosa""",18904 ,1.9,27585.43,Triângulo Mineiro/Alto Paranaíba,Patos de Minas,0.703,840.920 ,3.58 ,22.48 
Lagoa Grande,"""Lagoa Grande""",8969 ,1.7,23987.95,Noroeste de Minas,Paracatu,0.679,1236.301 ,2.67 ,7.25 
Lagoa Santa,"""Lagoa Santa""",75145 ,2.6,28437.31,Metropolitana de Belo Horizonte,Belo Horizonte,0.777,229.409 ,36.97 ,327.56 
Lajinha,"""Lajinha""",20835 ,1.8,18785.77,Zona da Mata,Manhuaçu,0.661,431.920 ,3.06 ,48.24 
Lambari,"""Lambari""",20414 ,1.7,17091.43,Sul/Sudoeste de Minas,São Lourenço,0.711,213.110 ,5.55 ,95.79 
Lamim,"""Lamim""",3184 ,1.5,13360.03,Zona da Mata,Viçosa,0.655,118.602 ,0.91 ,26.85 
Laranjal,"""Laranjal""",5963 ,1.6,12790.26,Zona da Mata,Cataguases,0.714,204.882 ,0.97 ,29.10 
Lassance,"""Lassance""",7124 ,1.8,23514.48,Norte de Minas,Pirapora,0.629,3204.217 ,2.83 ,2.22 
Lavras,"""Lavras""",104761 ,2.4,25560.18,Campo das Vertentes,Lavras,0.782,564.744 ,24.15 ,185.50 
Leandro Ferreira,"""Leandro Ferreira""",3199 ,2,14809.69,Central Mineira,Bom Despacho,0.71,352.005 ,0.67 ,9.09 
Leme Do Prado,"""Leme Do Prado""",4341 ,1.6,12725.85,Jequitinhonha,Capelinha,0.67,280.036 ,1.29 ,15.50 
Leopoldina,"""Leopoldina""",51145 ,1.6,19314.44,Zona da Mata,Cataguases,0.726,943.077 ,10.29 ,54.23 
Liberdade,"""Liberdade""",4737 ,1.7,18494.5,Sul/Sudoeste de Minas,Andrelândia,0.672,401.337 ,1.06 ,11.80 
Lima Duarte,"""Lima Duarte""",17221 ,1.5,17359.82,Zona da Mata,Juiz de Fora,0.71,848.564 ,4.61 ,20.29 
Limeira Do Oeste,"""Limeira Do Oeste""",8687 ,2.7,52024.78,Triângulo Mineiro/Alto Paranaíba,Frutal,0.71,1317.153 ,1.69 ,6.60 
Lontra,"""Lontra""",8790 ,1.4,8474.3,Norte de Minas,Montes Claros,0.646,258.925 ,1.84 ,33.95 
Luisburgo,"""Luisburgo""",6956 ,1.8,16113.01,Zona da Mata,Manhuaçu,0.608,145.418 ,0.73 ,47.83 
Luislândia,"""Luislândia""",6210 ,1.7,8741.35,Norte de Minas,Montes Claros,0.614,411.714 ,1.11 ,15.08 
Luminárias,"""Luminárias""",5586 ,1.5,20058.07,Campo das Vertentes,Lavras,0.678,500.143 ,1.08 ,11.17 
Luz,"""Luz""",17875 ,1.8,30923.55,Central Mineira,Bom Despacho,0.724,1171.659 ,5.55 ,15.26 
Machacalis,"""Machacalis""",6487 ,1.7,14685.44,Vale do Mucuri,Nanuque,0.64,332.378 ,1.22 ,19.52 
Machado,"""Machado""",37684 ,2,26459.32,Sul/Sudoeste de Minas,Alfenas,0.715,585.958 ,7.69 ,64.31 
Madre De Deus De Minas,"""Madre De Deus De Minas""",5191 ,1.7,48034.78,Campo das Vertentes,São João Del Rei,0.699,492.909 ,1.51 ,10.53 
Malacacheta,"""Malacacheta""",17516 ,1.7,12072.08,Vale do Mucuri,Teófilo Otoni,0.618,727.886 ,2.96 ,24.06 
Mamonas,"""Mamonas""",5997 ,1.5,8258.17,Norte de Minas,Janaúba,0.618,284.365 ,1.31 ,21.09 
Manga,"""Manga""",18886 ,1.6,12368.05,Norte de Minas,Januária,0.642,1950.184 ,5.78 ,9.68 
Manhuaçu,"""Manhuaçu""",91886 ,1.9,32727.43,Zona da Mata,Manhuaçu,0.689,628.318 ,13.28 ,146.24 
Manhumirim,"""Manhumirim""",20610 ,1.6,23056.19,Zona da Mata,Manhuaçu,0.697,182.900 ,3.39 ,112.68 
Mantena,"""Mantena""",26535 ,1.4,15134.78,Vale do Rio Doce,Mantena,0.675,685.208 ,6.44 ,38.73 
Mar De Espanha,"""Mar De Espanha""",12721 ,1.1,15925.66,Zona da Mata,Juiz de Fora,0.684,371.600 ,3.40 ,34.23 
Maravilhas,"""Maravilhas""",7333 ,1.5,24151.38,Metropolitana de Belo Horizonte,Sete Lagoas,0.672,261.604 ,2.45 ,28.03 
Maria Da Fé,"""Maria Da Fé""",14247 ,1.9,13273.96,Sul/Sudoeste de Minas,Itajubá,0.702,202.898 ,3.65 ,70.22 
Mariana,"""Mariana""",61387 ,2.4,53290.17,Metropolitana de Belo Horizonte,Ouro Preto,0.742,1194.208 ,11.77 ,51.40 
Marilac,"""Marilac""",4224 ,1.4,13384.75,Vale do Rio Doce,Governador Valadares,0.615,158.809 ,1.03 ,26.60 
Mário Campos,"""Mário Campos""",15861 ,1.6,11462.1,Metropolitana de Belo Horizonte,Belo Horizonte,0.699,35.196 ,4.96 ,450.65 
Maripá De Minas,"""Maripá De Minas""",3387 ,1.4,24250.12,Zona da Mata,Juiz de Fora,0.68,77.338 ,0.91 ,43.79 
Marliéria,"""Marliéria""",4592 ,1.7,12033.91,Vale do Rio Doce,Ipatinga,0.657,545.813 ,1.23 ,8.41 
Marmelópolis,"""Marmelópolis""",3200 ,1.8,14670.67,Sul/Sudoeste de Minas,Itajubá,0.65,107.902 ,0.69 ,29.66 
Martinho Campos,"""Martinho Campos""",14003 ,1.8,28117.3,Central Mineira,Bom Despacho,0.669,1058.418 ,5.57 ,13.23 
Martins Soares,"""Martins Soares""",8396 ,1.8,29735.68,Zona da Mata,Manhuaçu,0.635,113.268 ,1.58 ,74.13 
Mata Verde,"""Mata Verde""",9113 ,1.7,8411.65,Jequitinhonha,Almenara,0.581,227.539 ,0.94 ,40.05 
Materlândia,"""Materlândia""",3963 ,1.7,12213.89,Vale do Rio Doce,Guanhães,0.597,280.530 ,0.66 ,14.13 
Mateus Leme,"""Mateus Leme""",37841 ,1.7,21387.14,Metropolitana de Belo Horizonte,Belo Horizonte,0.704,301.383 ,24.71 ,125.56 
Mathias Lobato,"""Mathias Lobato""",3038 ,3.2,13276.07,Vale do Rio Doce,Governador Valadares,0.612,172.297 ,0.77 ,17.63 
Matias Barbosa,"""Matias Barbosa""",14121 ,1.9,36874.94,Zona da Mata,Juiz de Fora,0.72,157.066 ,4.52 ,89.90 
Matias Cardoso,"""Matias Cardoso""",8895 ,1.5,12304.25,Norte de Minas,Januária,0.616,1940.598 ,2.77 ,4.58 
Matipó,"""Matipó""",18552 ,1.7,22033.55,Zona da Mata,Manhuaçu,0.631,266.990 ,2.79 ,69.49 
Mato Verde,"""Mato Verde""",12038 ,1.4,11933.06,Norte de Minas,Janaúba,0.662,472.245 ,2.33 ,25.49 
Matozinhos,"""Matozinhos""",37618 ,1.9,30372.03,Metropolitana de Belo Horizonte,Sete Lagoas,0.731,252.453 ,13.30 ,149.01 
Matutina,"""Matutina""",3814 ,1.6,23244.28,Triângulo Mineiro/Alto Paranaíba,Patos de Minas,0.707,260.957 ,1.19 ,14.62 
Medeiros,"""Medeiros""",3900 ,1.7,46585.19,Oeste de Minas,Piuí,0.711,946.437 ,0.56 ,4.12 
Medina,"""Medina""",20156 ,1.7,10992.19,Jequitinhonha,Pedra Azul,0.624,1435.903 ,3.58 ,14.04 
Mendes Pimentel,"""Mendes Pimentel""",5606 ,1.5,11325.76,Vale do Rio Doce,Mantena,0.626,305.507 ,1.07 ,18.35 
Mercês,"""Mercês""",10373 ,1.5,12642.42,Zona da Mata,Ubá,0.664,348.271 ,2.09 ,29.78 
Mesquita,"""Mesquita""",5040 ,1.5,9356.97,Vale do Rio Doce,Ipatinga,0.656,274.938 ,1.11 ,18.33 
Minas Novas,"""Minas Novas""",24405 ,1.5,10615.24,Jequitinhonha,Capelinha,0.633,1812.398 ,4.61 ,13.47 
Minduri,"""Minduri""",3741 ,1.8,31779.11,Sul/Sudoeste de Minas,Andrelândia,0.658,219.774 ,1.46 ,17.02 
Mirabela,"""Mirabela""",13651 ,1.6,11417.13,Norte de Minas,Montes Claros,0.665,723.278 ,3.19 ,18.87 
Miradouro,"""Miradouro""",8968 ,1.4,13339.42,Zona da Mata,Muriaé,0.663,301.672 ,1.39 ,29.73 
Miraí,"""Miraí""",13633 ,1.7,17033.55,Zona da Mata,Muriaé,0.68,320.695 ,2.60 ,42.51 
Miravânia,"""Miravânia""",3985 ,1.5,8249.35,Norte de Minas,Januária,0.593,602.128 ,1.12 ,6.62 
Moeda,"""Moeda""",5125 ,1.7,14221.61,Metropolitana de Belo Horizonte,Itaguara,0.638,155.112 ,1.40 ,33.04 
Moema,"""Moema""",7548 ,1.6,16330.01,Central Mineira,Bom Despacho,0.721,202.705 ,2.15 ,37.24 
Monjolos,"""Monjolos""",2169 ,2,17555.46,Central Mineira,Curvelo,0.65,650.911 ,0.74 ,3.33 
Monsenhor Paulo,"""Monsenhor Paulo""",8340 ,1.6,21996.58,Sul/Sudoeste de Minas,Varginha,0.721,216.540 ,1.77 ,38.51 
Montalvânia,"""Montalvânia""",14060 ,1.5,9679.02,Norte de Minas,Januária,0.613,1503.755 ,4.66 ,9.35 
Monte Alegre De Minas,"""Monte Alegre De Minas""",20170 ,1.8,28853.45,Triângulo Mineiro/Alto Paranaíba,Uberlândia,0.674,2595.957 ,4.44 ,7.77 
Monte Azul,"""Monte Azul""",20328 ,1.4,11107.17,Norte de Minas,Janaúba,0.659,1001.296 ,4.43 ,20.30 
Monte Belo,"""Monte Belo""",13046 ,1.8,24488.65,Sul/Sudoeste de Minas,São Sebastião do Paraíso,0.688,421.283 ,3.22 ,30.97 
Monte Carmelo,"""Monte Carmelo""",47689 ,1.8,26625.51,Triângulo Mineiro/Alto Paranaíba,Patrocínio,0.728,1343.035 ,11.74 ,35.51 
Monte Formoso,"""Monte Formoso""",4381 ,1.5,8274.65,Jequitinhonha,Almenara,0.541,385.553 ,0.39 ,11.36 
Monte Santo De Minas,"""Monte Santo De Minas""",20890 ,1.7,20859.35,Sul/Sudoeste de Minas,São Sebastião do Paraíso,0.71,594.632 ,5.62 ,35.13 
Monte Sião,"""Monte Sião""",24089 ,1.6,20100.6,Sul/Sudoeste de Minas,Poços de Caldas,0.724,291.594 ,5.99 ,82.61 
Montes Claros,"""Montes Claros""",414240 ,2.1,23426.26,Norte de Minas,Montes Claros,0.77,3589.811 ,73.51 ,115.39 
Montezuma,"""Montezuma""",6888 ,1.4,10329.91,Norte de Minas,Salinas,0.587,1130.419 ,1.13 ,6.09 
Morada Nova De Minas,"""Morada Nova De Minas""",9066 ,1.7,45399.87,Central Mineira,Três Marias,0.696,2084.275 ,3.45 ,4.35 
Morro Da Garça,"""Morro Da Garça""",2411 ,1.3,23159.27,Central Mineira,Curvelo,0.648,414.772 ,0.90 ,5.81 
Morro Do Pilar,"""Morro Do Pilar""",3133 ,1.8,12765.26,Metropolitana de Belo Horizonte,Conceição do Mato Dentro,0.597,477.548 ,1.05 ,6.56 
Munhoz,"""Munhoz""",7451 ,1.7,17539.46,Sul/Sudoeste de Minas,Pouso Alegre,0.647,191.564 ,3.24 ,38.90 
Muriaé,"""Muriaé""",104108 ,1.7,22244.72,Zona da Mata,Muriaé,0.734,841.693 ,17.61 ,123.69 
Mutum,"""Mutum""",27635 ,1.8,17813.8,Vale do Rio Doce,Aimorés,0.644,1250.824 ,3.97 ,22.09 
Muzambinho,"""Muzambinho""",21891 ,1.9,23480.41,Sul/Sudoeste de Minas,São Sebastião do Paraíso,0.74,409.948 ,5.68 ,53.40 
Nacip Raydan,"""Nacip Raydan""",2459 ,1.6,10205.01,Vale do Rio Doce,Governador Valadares,0.585,233.493 ,0.86 ,10.53 
Nanuque,"""Nanuque""",35038 ,1.8,20934.1,Vale do Mucuri,Nanuque,0.701,1518.166 ,9.95 ,23.08 
Naque,"""Naque""",6303 ,1.6,11821.29,Vale do Rio Doce,Ipatinga,0.675,127.173 ,1.24 ,49.56 
Natalândia,"""Natalândia""",3520 ,1.7,18521.82,Noroeste de Minas,Unaí,0.671,468.660 ,0.84 ,7.51 
Natércia,"""Natércia""",4691 ,1.6,17973.17,Sul/Sudoeste de Minas,Santa Rita do Sapucaí,0.693,188.719 ,0.83 ,24.86 
Nazareno,"""Nazareno""",8179 ,2.1,47223.78,Campo das Vertentes,São João Del Rei,0.69,341.453 ,1.80 ,23.95 
Nepomuceno,"""Nepomuceno""",25018 ,1.8,20088.22,Campo das Vertentes,Lavras,0.667,582.553 ,4.42 ,42.95 
Ninheira,"""Ninheira""",10588 ,1.7,9916.38,Norte de Minas,Salinas,0.556,1108.255 ,1.36 ,9.55 
Nova Belém,"""Nova Belém""",3151 ,1.5,20208.06,Vale do Rio Doce,Mantena,0.592,146.775 ,0.45 ,21.47 
Nova Era,"""Nova Era""",17438 ,2,22084.14,Metropolitana de Belo Horizonte,Itabira,0.709,361.926 ,3.74 ,48.18 
Nova Lima,"""Nova Lima""",111697 ,3.3,126993.16,Metropolitana de Belo Horizonte,Belo Horizonte,0.813,429.313 ,41.98 ,260.18 
Nova Módica,"""Nova Módica""",3663 ,1.9,14406.98,Vale do Rio Doce,Governador Valadares,0.63,375.973 ,0.67 ,9.74 
Nova Ponte,"""Nova Ponte""",14598 ,1.7,79020.94,Triângulo Mineiro/Alto Paranaíba,Araxá,0.701,1111.011 ,4.80 ,13.14 
Nova Porteirinha,"""Nova Porteirinha""",6706 ,1.9,14492.42,Norte de Minas,Janaúba,0.641,120.943 ,1.77 ,55.45 
Nova Resende,"""Nova Resende""",16387 ,1.8,17692.82,Sul/Sudoeste de Minas,São Sebastião do Paraíso,0.671,390.152 ,3.77 ,42.00 
Nova Serrana,"""Nova Serrana""",105552 ,1.6,22739.8,Oeste de Minas,Divinópolis,0.715,282.472 ,18.80 ,373.67 
Nova União,"""Nova União""",5909 ,1.6,16147.93,Metropolitana de Belo Horizonte,Itabira,0.662,172.131 ,1.80 ,34.33 
Novo Cruzeiro,"""Novo Cruzeiro""",26975 ,1.6,9418.94,Jequitinhonha,Araçuaí,0.571,1702.981 ,3.70 ,15.84 
Novo Oriente De Minas,"""Novo Oriente De Minas""",10275 ,1.6,10967.52,Vale do Mucuri,Teófilo Otoni,0.555,755.151 ,1.16 ,13.61 
Novorizonte,"""Novorizonte""",4571 ,1.4,11129.51,Norte de Minas,Salinas,0.616,271.610 ,1.35 ,16.83 
Olaria,"""Olaria""",1945 ,1.7,16968.19,Zona da Mata,Juiz de Fora,0.636,178.242 ,0.33 ,10.91 
Olhos-D'água,"""Olhos-D'água""",5385 ,1.5,35151.89,Norte de Minas,Bocaiúva,0.626,2092.078 ,1.02 ,2.57 
Olímpio Noronha,"""Olímpio Noronha""",2555 ,2,14607.53,Sul/Sudoeste de Minas,São Lourenço,0.674,54.633 ,0.66 ,46.77 
Oliveira,"""Oliveira""",39262 ,1.6,21755.4,Oeste de Minas,Oliveira,0.699,897.294 ,9.40 ,43.76 
Oliveira Fortes,"""Oliveira Fortes""",2027 ,1.5,16312.6,Zona da Mata,Juiz de Fora,0.635,111.130 ,0.61 ,18.24 
Onça De Pitangui,"""Onça De Pitangui""",2969 ,2.2,20006.4,Metropolitana de Belo Horizonte,Pará de Minas,0.663,246.976 ,0.89 ,12.02 
Oratórios,"""Oratórios""",4917 ,1.8,13225.88,Zona da Mata,Ponte Nova,0.637,89.068 ,0.45 ,55.21 
Orizânia,"""Orizânia""",8437 ,1.7,11141.66,Zona da Mata,Muriaé,0.562,121.800 ,1.91 ,69.27 
Ouro Branco,"""Ouro Branco""",38724 ,3.5,114801.85,Metropolitana de Belo Horizonte,Conselheiro Lafaiete,0.764,258.726 ,11.04 ,149.67 
Ouro Fino,"""Ouro Fino""",32094 ,1.8,24415.91,Sul/Sudoeste de Minas,Poços de Caldas,0.722,533.714 ,10.01 ,60.13 
Ouro Preto,"""Ouro Preto""",74824 ,3.1,50312.19,Metropolitana de Belo Horizonte,Ouro Preto,0.741,1245.865 ,22.69 ,60.06 
Ouro Verde De Minas,"""Ouro Verde De Minas""",5757 ,1.8,10053.61,Vale do Mucuri,Teófilo Otoni,0.595,175.482 ,1.14 ,32.81 
Padre Carvalho,"""Padre Carvalho""",5058 ,1.3,8775.32,Norte de Minas,Grão Mogol,0.599,446.275 ,1.28 ,11.33 
Padre Paraíso,"""Padre Paraíso""",17334 ,1.6,10079.61,Jequitinhonha,Araçuaí,0.596,544.375 ,2.53 ,31.84 
Pai Pedro,"""Pai Pedro""",5551 ,1.4,9033.2,Norte de Minas,Janaúba,0.59,839.805 ,0.78 ,6.61 
Paineiras,"""Paineiras""",4224 ,1.7,15930.22,Central Mineira,Três Marias,0.669,637.309 ,1.70 ,6.63 
Pains,"""Pains""",8142 ,2,45652.53,Oeste de Minas,Formiga,0.728,421.862 ,1.77 ,19.30 
Paiva,"""Paiva""",1474 ,1.7,16976.94,Zona da Mata,Juiz de Fora,0.72,58.419 ,0.40 ,25.23 
Palma,"""Palma""",5707 ,1.6,13378.91,Zona da Mata,Cataguases,0.703,316.476 ,1.32 ,18.03 
Palmópolis,"""Palmópolis""",6301 ,1.5,10719.44,Jequitinhonha,Almenara,0.565,433.154 ,1.09 ,14.55 
Papagaios,"""Papagaios""",13920 ,1.5,19344.49,Metropolitana de Belo Horizonte,Sete Lagoas,0.666,553.577 ,3.89 ,25.15 
Pará De Minas,"""Pará De Minas""",97139 ,1.9,35693.36,Metropolitana de Belo Horizonte,Pará de Minas,0.725,551.247 ,25.72 ,176.22 
Paracatu,"""Paracatu""",94017 ,2.7,59238.63,Noroeste de Minas,Paracatu,0.744,8231.029 ,18.95 ,11.42 
Paraguaçu,"""Paraguaçu""",21723 ,1.5,26103.44,Sul/Sudoeste de Minas,Alfenas,0.715,424.296 ,4.72 ,51.20 
Paraisópolis,"""Paraisópolis""",20445 ,1.9,25241.43,Sul/Sudoeste de Minas,Itajubá,0.729,331.238 ,4.50 ,61.72 
Paraopeba,"""Paraopeba""",24107 ,2.3,31572.39,Metropolitana de Belo Horizonte,Sete Lagoas,0.694,625.623 ,8.06 ,38.53 
Passa Quatro,"""Passa Quatro""",15515 ,1.9,32377.11,Sul/Sudoeste de Minas,São Lourenço,0.715,277.221 ,5.50 ,55.97 
Passa Tempo,"""Passa Tempo""",8473 ,2.1,36299.61,Oeste de Minas,Oliveira,0.687,429.172 ,2.13 ,19.74 
Passa Vinte,"""Passa Vinte""",2233 ,1.7,17467.13,Sul/Sudoeste de Minas,Andrelândia,0.648,246.565 ,0.36 ,9.06 
Passabém,"""Passabém""",1600 ,1.6,13382.83,Metropolitana de Belo Horizonte,Conceição do Mato Dentro,0.642,94.183 ,0.64 ,16.99 
Passos,"""Passos""",111939 ,1.8,22706.24,Sul/Sudoeste de Minas,Passos,0.756,1338.070 ,24.51 ,83.66 
Patis,"""Patis""",4837 ,1.4,8573.13,Norte de Minas,Montes Claros,0.614,444.196 ,0.96 ,10.89 
Patos De Minas,"""Patos De Minas""",159235 ,2.1,35161.35,Triângulo Mineiro/Alto Paranaíba,Patos de Minas,0.765,3190.456 ,36.71 ,49.91 
Patrocínio,"""Patrocínio""",89826 ,2,35985.78,Triângulo Mineiro/Alto Paranaíba,Patrocínio,0.729,2874.344 ,22.35 ,31.25 
Patrocínio Do Muriaé,"""Patrocínio Do Muriaé""",5576 ,1.6,20534.03,Zona da Mata,Muriaé,0.682,108.246 ,1.23 ,51.51 
Paula Cândido,"""Paula Cândido""",8659 ,1.5,12047.19,Zona da Mata,Viçosa,0.637,268.321 ,2.02 ,32.27 
Paulistas,"""Paulistas""",4389 ,1.6,12665.36,Vale do Rio Doce,Guanhães,0.625,220.564 ,0.98 ,19.90 
Pavão,"""Pavão""",8047 ,1.7,9901.53,Vale do Mucuri,Teófilo Otoni,0.627,601.190 ,1.10 ,13.39 
Peçanha,"""Peçanha""",17446 ,1.5,12752.91,Vale do Rio Doce,Peçanha,0.627,996.646 ,2.52 ,17.50 
Pedra Azul,"""Pedra Azul""",24410 ,1.8,13264.36,Jequitinhonha,Pedra Azul,0.627,1594.651 ,5.25 ,15.31 
Pedra Bonita,"""Pedra Bonita""",7320 ,1.6,11618.7,Zona da Mata,Manhuaçu,0.573,173.928 ,0.61 ,42.09 
Pedra Do Anta,"""Pedra Do Anta""",3311 ,1.6,15253.83,Zona da Mata,Viçosa,0.624,173.168 ,0.58 ,19.12 
Pedra Do Indaiá,"""Pedra Do Indaiá""",4112 ,1.4,26841.82,Oeste de Minas,Formiga,0.708,347.920 ,1.10 ,11.82 
Pedra Dourada,"""Pedra Dourada""",2757 ,1.7,14369.13,Zona da Mata,Muriaé,0.655,69.990 ,0.41 ,39.39 
Pedralva,"""Pedralva""",10760 ,1.7,13157.9,Sul/Sudoeste de Minas,Santa Rita do Sapucaí,0.675,217.989 ,1.88 ,49.36 
Pedras De Maria Da Cruz,"""Pedras De Maria Da Cruz""",10452 ,1.7,8060.72,Norte de Minas,Januária,0.614,1525.648 ,2.47 ,6.85 
Pedrinópolis,"""Pedrinópolis""",3344 ,2.1,42618.26,Triângulo Mineiro/Alto Paranaíba,Araxá,0.729,357.891 ,0.88 ,9.34 
Pedro Leopoldo,"""Pedro Leopoldo""",62580 ,2.2,25533.43,Metropolitana de Belo Horizonte,Belo Horizonte,0.757,292.831 ,18.78 ,213.71 
Pedro Teixeira,"""Pedro Teixeira""",1810 ,1.6,14647.62,Zona da Mata,Juiz de Fora,0.637,112.959 ,0.41 ,16.02 
Pequeri,"""Pequeri""",3351 ,1.5,15236.95,Zona da Mata,Juiz de Fora,0.694,90.833 ,1.43 ,36.89 
Pequi,"""Pequi""",4155 ,1.9,17572.44,Metropolitana de Belo Horizonte,Sete Lagoas,0.674,203.991 ,1.31 ,20.37 
Perdigão,"""Perdigão""",12268 ,1.6,18298.82,Oeste de Minas,Divinópolis,0.703,249.322 ,3.66 ,49.21 
Perdizes,"""Perdizes""",17151 ,2,78049.11,Triângulo Mineiro/Alto Paranaíba,Araxá,0.723,2451.112 ,3.51 ,7.00 
Perdões,"""Perdões""",21384 ,1.8,26988.11,Oeste de Minas,Campo Belo,0.744,270.657 ,4.98 ,79.01 
Periquito,"""Periquito""",6553 ,1.4,14685.51,Vale do Rio Doce,Ipatinga,0.651,228.907 ,2.02 ,28.63 
Pescador,"""Pescador""",3570 ,1.6,10310.37,Vale do Rio Doce,Governador Valadares,0.656,317.463 ,0.86 ,11.25 
Piau,"""Piau""",2796 ,1.7,26050.26,Zona da Mata,Juiz de Fora,0.629,192.196 ,0.62 ,14.55 
Piedade De Caratinga,"""Piedade De Caratinga""",8529 ,1.8,13049.3,Vale do Rio Doce,Caratinga,0.612,109.345 ,1.78 ,78.00 
Piedade De Ponte Nova,"""Piedade De Ponte Nova""",3976 ,1.6,14328.57,Zona da Mata,Ponte Nova,0.639,83.733 ,0.71 ,47.48 
Piedade Do Rio Grande,"""Piedade Do Rio Grande""",4604 ,1.6,20538.49,Campo das Vertentes,São João Del Rei,0.678,322.814 ,1.72 ,14.26 
Piedade Dos Gerais,"""Piedade Dos Gerais""",5019 ,1.6,16263.78,Metropolitana de Belo Horizonte,Itaguara,0.626,259.638 ,0.84 ,19.33 
Pimenta,"""Pimenta""",8563 ,1.9,26462.29,Oeste de Minas,Formiga,0.686,414.969 ,2.91 ,20.64 
Pingo-D'água,"""Pingo-D'água""",4706 ,1.2,9274.61,Vale do Rio Doce,Caratinga,0.619,66.570 ,1.09 ,70.69 
Pintópolis,"""Pintópolis""",7084 ,1.6,8638.39,Norte de Minas,Januária,0.594,1228.736 ,1.35 ,5.77 
Piracema,"""Piracema""",6700 ,1.8,38941.9,Oeste de Minas,Oliveira,0.646,280.335 ,2.44 ,23.90 
Pirajuba,"""Pirajuba""",5537 ,3.2,63887.49,Triângulo Mineiro/Alto Paranaíba,Frutal,0.723,337.980 ,1.70 ,16.38 
Piranga,"""Piranga""",17018 ,1.7,10746.39,Zona da Mata,Viçosa,0.6,658.812 ,2.51 ,25.83 
Piranguçu,"""Piranguçu""",6041 ,1.9,12826.39,Sul/Sudoeste de Minas,Itajubá,0.685,203.619 ,2.27 ,29.67 
Piranguinho,"""Piranguinho""",9120 ,1.6,14552.24,Sul/Sudoeste de Minas,Itajubá,0.717,124.803 ,3.06 ,73.08 
Pirapetinga,"""Pirapetinga""",11077 ,2,49191.65,Zona da Mata,Cataguases,0.709,190.681 ,2.31 ,58.09 
Pirapora,"""Pirapora""",55606 ,1.9,40008.12,Norte de Minas,Pirapora,0.731,549.514 ,19.98 ,101.19 
Piraúba,"""Piraúba""",11610 ,1.4,17212.09,Zona da Mata,Ubá,0.684,144.289 ,2.32 ,80.46 
Pitangui,"""Pitangui""",26685 ,1.7,20654.96,Metropolitana de Belo Horizonte,Pará de Minas,0.725,569.636 ,5.68 ,46.85 
Piumhi,"""Piumhi""",36062 ,1.7,29994.43,Oeste de Minas,Piuí,0.737,902.468 ,8.68 ,39.96 
Planura,"""Planura""",11145 ,1.9,43641.33,Triângulo Mineiro/Alto Paranaíba,Frutal,0.712,317.520 ,4.59 ,35.10 
Poço Fundo,"""Poço Fundo""",16388 ,1.7,19328.78,Sul/Sudoeste de Minas,Alfenas,0.691,474.244 ,3.00 ,34.56 
Poços De Caldas,"""Poços De Caldas""",163742 ,2.4,47397.24,Sul/Sudoeste de Minas,Poços de Caldas,0.779,546.958 ,40.60 ,299.37 
Pocrane,"""Pocrane""",8350 ,1.6,12405.63,Vale do Rio Doce,Aimorés,0.626,691.066 ,1.88 ,12.08 
Pompéu,"""Pompéu""",31047 ,1.9,29312.32,Central Mineira,Três Marias,0.689,2551.074 ,9.88 ,12.17 
Ponte Nova,"""Ponte Nova""",57776 ,1.8,33132.34,Zona da Mata,Ponte Nova,0.717,470.643 ,11.27 ,122.76 
Ponto Chique,"""Ponto Chique""",3747 ,1.4,11232.8,Norte de Minas,Montes Claros,0.606,602.799 ,0.97 ,6.22 
Ponto Dos Volantes,"""Ponto Dos Volantes""",10883 ,1.4,9040.58,Jequitinhonha,Araçuaí,0.595,1212.413 ,1.79 ,8.98 
Porteirinha,"""Porteirinha""",37438 ,1.6,11647.6,Norte de Minas,Janaúba,0.651,1749.683 ,6.03 ,21.40 
Porto Firme,"""Porto Firme""",10569 ,1.6,9826.48,Zona da Mata,Viçosa,0.634,284.777 ,1.79 ,37.11 
Poté,"""Poté""",13666 ,1.8,9787.71,Vale do Mucuri,Teófilo Otoni,0.624,625.111 ,3.18 ,21.86 
Pouso Alegre,"""Pouso Alegre""",152212 ,2.4,53360.98,Sul/Sudoeste de Minas,Pouso Alegre,0.774,542.797 ,39.64 ,280.42 
Pouso Alto,"""Pouso Alto""",6566 ,1.9,54800.62,Sul/Sudoeste de Minas,São Lourenço,0.71,263.034 ,2.19 ,24.96 
Prados,"""Prados""",9048 ,1.4,22793.77,Campo das Vertentes,São João Del Rei,0.689,264.115 ,2.99 ,34.26 
Prata,"""Prata""",28342 ,2,40520.41,Triângulo Mineiro/Alto Paranaíba,Uberlândia,0.695,4847.544 ,7.82 ,5.85 
Pratápolis,"""Pratápolis""",8406 ,1.8,21221.91,Sul/Sudoeste de Minas,Passos,0.729,215.516 ,1.70 ,39.00 
Pratinha,"""Pratinha""",3559 ,2.2,33899.97,Triângulo Mineiro/Alto Paranaíba,Araxá,0.721,622.478 ,0.60 ,5.72 
Presidente Bernardes,"""Presidente Bernardes""",4850 ,1.3,10945.4,Zona da Mata,Viçosa,0.632,236.798 ,0.79 ,20.48 
Presidente Juscelino,"""Presidente Juscelino""",3465 ,1.6,14907.53,Central Mineira,Curvelo,0.614,695.882 ,1.02 ,4.98 
Presidente Kubitschek,"""Presidente Kubitschek""",3071 ,1.6,10965.84,Jequitinhonha,Diamantina,0.595,189.235 ,0.64 ,16.23 
Presidente Olegário,"""Presidente Olegário""",18765 ,1.9,28751.77,Noroeste de Minas,Paracatu,0.701,3503.848 ,5.39 ,5.36 
Prudente De Morais,"""Prudente De Morais""",11466 ,1.8,16203.3,Metropolitana de Belo Horizonte,Sete Lagoas,0.69,124.189 ,3.66 ,92.33 
Quartel Geral,"""Quartel Geral""",3179 ,1.5,18848.23,Central Mineira,Bom Despacho,0.683,556.436 ,1.65 ,5.71 
Queluzito,"""Queluzito""",1770 ,1.8,19487.7,Metropolitana de Belo Horizonte,Conselheiro Lafaiete,0.682,153.560 ,0.40 ,11.53 
Raposos,"""Raposos""",16279 ,1.6,15586.37,Metropolitana de Belo Horizonte,Belo Horizonte,0.73,72.228 ,2.49 ,225.38 
Raul Soares,"""Raul Soares""",23423 ,1.7,15192.1,Zona da Mata,Ponte Nova,0.655,763.364 ,4.22 ,30.68 
Recreio,"""Recreio""",11007 ,1.4,10498.16,Zona da Mata,Cataguases,0.692,234.296 ,2.39 ,46.98 
Reduto,"""Reduto""",7848 ,1.7,14794.69,Zona da Mata,Manhuaçu,0.629,151.859 ,1.51 ,51.68 
Resende Costa,"""Resende Costa""",11230 ,1.6,16691.36,Campo das Vertentes,São João Del Rei,0.685,618.312 ,3.53 ,18.16 
Resplendor,"""Resplendor""",17226 ,1.6,14465.83,Vale do Rio Doce,Aimorés,0.67,1081.796 ,3.28 ,15.92 
Ressaquinha,"""Ressaquinha""",4548 ,1.9,57778.14,Campo das Vertentes,Barbacena,0.683,183.062 ,1.54 ,24.84 
Riachinho,"""Riachinho""",6863 ,2.1,16684.32,Norte de Minas,Pirapora,0.632,1719.266 ,2.06 ,3.99 
Riacho Dos Machados,"""Riacho Dos Machados""",8756 ,2.9,47007.83,Norte de Minas,Janaúba,0.627,1315.540 ,1.31 ,6.66 
Ribeirão Das Neves,"""Ribeirão Das Neves""",329794 ,1.8,13099.23,Metropolitana de Belo Horizonte,Belo Horizonte,0.684,155.105 ,53.00 ,2126.26 
Ribeirão Vermelho,"""Ribeirão Vermelho""",4080 ,1.5,27918.18,Campo das Vertentes,Lavras,0.737,49.251 ,1.27 ,82.84 
Rio Acima,"""Rio Acima""",10261 ,2.2,23266.26,Metropolitana de Belo Horizonte,Belo Horizonte,0.673,228.394 ,4.07 ,44.93 
Rio Casca,"""Rio Casca""",12789 ,1.6,16300.71,Zona da Mata,Ponte Nova,0.65,384.381 ,2.88 ,33.27 
Rio Do Prado,"""Rio Do Prado""",4639 ,1.6,9824.6,Jequitinhonha,Almenara,0.605,479.815 ,0.96 ,9.67 
Rio Doce,"""Rio Doce""",2484 ,2.3,18786.49,Zona da Mata,Ponte Nova,0.664,112.094 ,0.77 ,22.16 
Rio Espera,"""Rio Espera""",5429 ,1.5,9985.01,Zona da Mata,Viçosa,0.602,238.602 ,1.11 ,22.75 
Rio Manso,"""Rio Manso""",5568 ,1.6,17471.88,Metropolitana de Belo Horizonte,Itaguara,0.648,231.540 ,3.74 ,24.05 
Rio Novo,"""Rio Novo""",8518 ,1.5,13070.42,Zona da Mata,Juiz de Fora,0.707,209.310 ,2.62 ,40.70 
Rio Paranaíba,"""Rio Paranaíba""",14532 ,2.1,60336.12,Triângulo Mineiro/Alto Paranaíba,Patos de Minas,0.709,1352.353 ,3.41 ,10.75 
Rio Pardo De Minas,"""Rio Pardo De Minas""",28271 ,1.5,9192.71,Norte de Minas,Salinas,0.624,3117.675 ,3.11 ,9.07 
Rio Piracicaba,"""Rio Piracicaba""",14631 ,2.1,60207.35,Metropolitana de Belo Horizonte,Itabira,0.685,373.037 ,3.79 ,39.22 
Rio Pomba,"""Rio Pomba""",17443 ,2.4,22357.48,Zona da Mata,Ubá,0.714,252.418 ,3.09 ,69.10 
Rio Preto,"""Rio Preto""",5141 ,1.4,12697.15,Zona da Mata,Juiz de Fora,0.679,348.046 ,1.20 ,14.77 
Rio Vermelho,"""Rio Vermelho""",12638 ,1.5,9786.27,Metropolitana de Belo Horizonte,Conceição do Mato Dentro,0.558,986.561 ,1.84 ,12.81 
Ritápolis,"""Ritápolis""",4994 ,1.7,17685.75,Campo das Vertentes,São João Del Rei,0.653,404.805 ,2.03 ,12.34 
Rochedo De Minas,"""Rochedo De Minas""",2291 ,1.7,47799.58,Zona da Mata,Juiz de Fora,0.684,79.402 ,0.68 ,28.85 
Rodeiro,"""Rodeiro""",8664 ,1.9,55863.92,Zona da Mata,Ubá,0.668,72.673 ,2.24 ,119.22 
Romaria,"""Romaria""",3386 ,1.8,49001.23,Triângulo Mineiro/Alto Paranaíba,Patrocínio,0.708,407.557 ,0.81 ,8.31 
Rosário Da Limeira,"""Rosário Da Limeira""",4734 ,1.5,11540.78,Zona da Mata,Muriaé,0.662,111.156 ,0.85 ,42.59 
Rubelita,"""Rubelita""",5679 ,1.2,10518.05,Norte de Minas,Salinas,0.582,1110.295 ,0.57 ,5.11 
Rubim,"""Rubim""",10298 ,1.8,9918.58,Jequitinhonha,Almenara,0.609,965.174 ,1.70 ,10.67 
Sabará,"""Sabará""",129372 ,2.4,22999.64,Metropolitana de Belo Horizonte,Belo Horizonte,0.731,302.453 ,31.31 ,427.74 
Sabinópolis,"""Sabinópolis""",14240 ,1.7,13189.94,Vale do Rio Doce,Guanhães,0.638,919.811 ,2.54 ,15.48 
Sacramento,"""Sacramento""",26670 ,2,61065.89,Triângulo Mineiro/Alto Paranaíba,Araxá,0.732,3073.268 ,7.83 ,8.68 
Salinas,"""Salinas""",40178 ,1.5,14367.05,Norte de Minas,Salinas,0.679,1862.117 ,9.25 ,21.58 
Salto Da Divisa,"""Salto Da Divisa""",6110 ,2,14582.7,Jequitinhonha,Almenara,0.608,938.008 ,1.56 ,6.51 
Santa Bárbara,"""Santa Bárbara""",30466 ,2.6,34859.6,Metropolitana de Belo Horizonte,Itabira,0.707,684.505 ,8.61 ,44.51 
Santa Bárbara Do Leste,"""Santa Bárbara Do Leste""",8458 ,1.6,11900.9,Vale do Rio Doce,Caratinga,0.613,107.402 ,0.78 ,78.75 
Santa Bárbara Do Monte Verde,"""Santa Bárbara Do Monte Verde""",3095 ,1.5,16014.68,Zona da Mata,Juiz de Fora,0.606,417.925 ,0.71 ,7.41 
Santa Bárbara Do Tugúrio,"""Santa Bárbara Do Tugúrio""",4208 ,1.6,15355.35,Campo das Vertentes,Barbacena,0.637,194.564 ,1.11 ,21.63 
Santa Cruz De Minas,"""Santa Cruz De Minas""",8109 ,1.4,10312.09,Campo das Vertentes,São João Del Rei,0.706,3.565 ,1.29 ,2274.61 
Santa Cruz De Salinas,"""Santa Cruz De Salinas""",3910 ,1.5,10812.57,Norte de Minas,Salinas,0.577,589.607 ,0.64 ,6.63 
Santa Cruz Do Escalvado,"""Santa Cruz Do Escalvado""",4673 ,2,12275.8,Zona da Mata,Ponte Nova,0.625,258.726 ,0.93 ,18.06 
Santa Efigênia De Minas,"""Santa Efigênia De Minas""",4039 ,1.4,10619.49,Vale do Rio Doce,Guanhães,0.607,131.965 ,1.06 ,30.61 
Santa Fé De Minas,"""Santa Fé De Minas""",3522 ,1.4,12867.88,Norte de Minas,Pirapora,0.615,2917.448 ,1.00 ,1.21 
Santa Helena De Minas,"""Santa Helena De Minas""",5938 ,1.7,8512.39,Vale do Mucuri,Nanuque,0.567,276.433 ,1.03 ,21.48 
Santa Juliana,"""Santa Juliana""",15734 ,2.5,48973.02,Triângulo Mineiro/Alto Paranaíba,Araxá,0.706,723.784 ,3.10 ,21.74 
Santa Luzia,"""Santa Luzia""",218805 ,2.2,20505.41,Metropolitana de Belo Horizonte,Belo Horizonte,0.715,235.205 ,42.50 ,930.27 
Santa Margarida,"""Santa Margarida""",16395 ,1.8,18756.6,Zona da Mata,Manhuaçu,0.61,255.730 ,2.18 ,64.11 
Santa Maria De Itabira,"""Santa Maria De Itabira""",10491 ,1.5,17404.04,Metropolitana de Belo Horizonte,Itabira,0.648,597.441 ,2.23 ,17.56 
Santa Maria Do Salto,"""Santa Maria Do Salto""",4755 ,1.5,9002.23,Jequitinhonha,Almenara,0.613,440.605 ,0.77 ,10.79 
Santa Maria Do Suaçuí,"""Santa Maria Do Suaçuí""",12788 ,1.4,10633.4,Vale do Rio Doce,Peçanha,0.64,624.047 ,2.71 ,20.49 
Santa Rita De Caldas,"""Santa Rita De Caldas""",8460 ,1.9,20668.11,Sul/Sudoeste de Minas,Poços de Caldas,0.69,503.011 ,1.72 ,16.82 
Santa Rita De Ibitipoca,"""Santa Rita De Ibitipoca""",3301 ,1.7,18783.42,Zona da Mata,Juiz de Fora,0.63,324.234 ,0.73 ,10.18 
Santa Rita De Jacutinga,"""Santa Rita De Jacutinga""",4755 ,1.4,13777.15,Zona da Mata,Juiz de Fora,0.682,420.940 ,1.09 ,11.30 
Santa Rita De Minas,"""Santa Rita De Minas""",6773 ,1.5,17215.93,Vale do Rio Doce,Caratinga,0.613,68.153 ,0.78 ,99.38 
Santa Rita Do Itueto,"""Santa Rita Do Itueto""",5826 ,1.8,22460.91,Vale do Rio Doce,Aimorés,0.607,485.081 ,0.73 ,12.01 
Santa Rita Do Sapucaí,"""Santa Rita Do Sapucaí""",40635 ,2.4,37969.3,Sul/Sudoeste de Minas,Santa Rita do Sapucaí,0.721,352.969 ,10.17 ,115.12 
Santa Rosa Da Serra,"""Santa Rosa Da Serra""",3382 ,1.8,22156.2,Triângulo Mineiro/Alto Paranaíba,Patos de Minas,0.705,284.334 ,1.01 ,11.89 
Santa Vitória,"""Santa Vitória""",20973 ,2.4,35039.62,Triângulo Mineiro/Alto Paranaíba,Ituiutaba,0.71,2998.364 ,6.89 ,6.99 
Santana Da Vargem,"""Santana Da Vargem""",6639 ,1.8,22466.55,Sul/Sudoeste de Minas,Varginha,0.698,172.444 ,1.19 ,38.50 
Santana De Cataguases,"""Santana De Cataguases""",3489 ,1.6,11767.31,Zona da Mata,Cataguases,0.694,161.486 ,0.70 ,21.61 
Santana De Pirapama,"""Santana De Pirapama""",7030 ,1.7,13670.55,Metropolitana de Belo Horizonte,Sete Lagoas,0.628,1255.832 ,1.61 ,5.60 
Santana Do Deserto,"""Santana Do Deserto""",3747 ,2.2,11311.05,Zona da Mata,Juiz de Fora,0.651,182.655 ,1.20 ,20.51 
Santana Do Garambéu,"""Santana Do Garambéu""",2137 ,1.9,14257.44,Campo das Vertentes,São João Del Rei,0.667,203.074 ,0.60 ,10.52 
Santana Do Jacaré,"""Santana Do Jacaré""",4214 ,1.7,19815.61,Oeste de Minas,Campo Belo,0.647,106.169 ,0.88 ,39.69 
Santana Do Manhuaçu,"""Santana Do Manhuaçu""",8987 ,1.4,16300,Zona da Mata,Manhuaçu,0.621,347.362 ,0.91 ,25.87 
Santana Do Paraíso,"""Santana Do Paraíso""",44800 ,1.9,21964.52,Vale do Rio Doce,Ipatinga,0.685,276.067 ,11.02 ,162.28 
Santana Do Riacho,"""Santana Do Riacho""",5313 ,1.5,20829.39,Metropolitana de Belo Horizonte,Sete Lagoas,0.665,677.207 ,4.27 ,7.85 
Santana Dos Montes,"""Santana Dos Montes""",3469 ,1.7,12088.82,Metropolitana de Belo Horizonte,Conselheiro Lafaiete,0.647,196.565 ,0.89 ,17.65 
Santo Antônio Do Amparo,"""Santo Antônio Do Amparo""",17285 ,1.8,17170.1,Oeste de Minas,Oliveira,0.672,488.885 ,3.74 ,35.36 
Santo Antônio Do Aventureiro,"""Santo Antônio Do Aventureiro""",3769 ,1.7,15545.66,Zona da Mata,Cataguases,0.671,202.032 ,0.95 ,18.66 
Santo Antônio Do Grama,"""Santo Antônio Do Grama""",4229 ,1.7,20433.4,Zona da Mata,Ponte Nova,0.633,130.213 ,0.74 ,32.48 
Santo Antônio Do Itambé,"""Santo Antônio Do Itambé""",3915 ,1.7,11420.27,Metropolitana de Belo Horizonte,Conceição do Mato Dentro,0.558,305.737 ,0.49 ,12.81 
Santo Antônio Do Jacinto,"""Santo Antônio Do Jacinto""",10327 ,1.6,8709.97,Jequitinhonha,Almenara,0.574,503.706 ,1.21 ,20.50 
Santo Antônio Do Monte,"""Santo Antônio Do Monte""",27295 ,1.5,24527.56,Oeste de Minas,Divinópolis,0.724,1125.780 ,7.28 ,24.25 
Santo Antônio Do Retiro,"""Santo Antônio Do Retiro""",6629 ,1.6,8463.5,Norte de Minas,Salinas,0.57,796.290 ,0.85 ,8.32 
Santo Antônio Do Rio Abaixo,"""Santo Antônio Do Rio Abaixo""",1808 ,1.8,15871.23,Metropolitana de Belo Horizonte,Conceição do Mato Dentro,0.669,107.269 ,0.68 ,16.85 
Santo Hipólito,"""Santo Hipólito""",2717 ,1.7,14311.29,Central Mineira,Curvelo,0.657,430.656 ,1.36 ,6.31 
Santos Dumont,"""Santos Dumont""",42406 ,1.8,22040.91,Zona da Mata,Juiz de Fora,0.741,637.373 ,8.91 ,66.53 
São Bento Abade,"""São Bento Abade""",4713 ,2.4,14576.19,Sul/Sudoeste de Minas,Varginha,0.672,80.403 ,1.22 ,58.62 
São Brás Do Suaçuí,"""São Brás Do Suaçuí""",3989 ,1.8,18417.32,Metropolitana de Belo Horizonte,Conselheiro Lafaiete,0.664,110.019 ,2.17 ,36.26 
São Domingos Das Dores,"""São Domingos Das Dores""",5626 ,1.7,13976.14,Vale do Rio Doce,Caratinga,0.638,60.865 ,0.68 ,92.43 
São Domingos Do Prata,"""São Domingos Do Prata""",17392 ,1.7,16496.65,Metropolitana de Belo Horizonte,Itabira,0.69,743.768 ,3.36 ,23.38 
São Félix De Minas,"""São Félix De Minas""",3200 ,1.5,12800.2,Vale do Rio Doce,Mantena,0.62,162.560 ,0.73 ,19.69 
São Francisco,"""São Francisco""",52762 ,1.7,10369.52,Norte de Minas,Januária,0.638,3308.100 ,12.11 ,15.95 
São Francisco De Paula,"""São Francisco De Paula""",6187 ,1.6,16980.87,Oeste de Minas,Oliveira,0.66,316.822 ,1.46 ,19.53 
São Francisco De Sales,"""São Francisco De Sales""",5732 ,1.7,24920.51,Triângulo Mineiro/Alto Paranaíba,Frutal,0.688,1128.864 ,1.93 ,5.08 
São Francisco Do Glória,"""São Francisco Do Glória""",4800 ,1.6,13983.11,Zona da Mata,Muriaé,0.663,164.613 ,0.95 ,29.16 
São Geraldo,"""São Geraldo""",10282 ,1.6,19263.95,Zona da Mata,Ubá,0.651,185.578 ,2.81 ,55.41 
São Geraldo Da Piedade,"""São Geraldo Da Piedade""",3305 ,1.4,10271.9,Vale do Rio Doce,Governador Valadares,0.6,152.336 ,0.87 ,21.70 
São Geraldo Do Baixio,"""São Geraldo Do Baixio""",3143 ,1.5,11847.17,Vale do Rio Doce,Governador Valadares,0.63,280.954 ,0.92 ,11.19 
São Gonçalo Do Abaeté,"""São Gonçalo Do Abaeté""",7375 ,1.7,30520.01,Noroeste de Minas,Paracatu,0.67,2692.545 ,2.67 ,2.74 
São Gonçalo Do Pará,"""São Gonçalo Do Pará""",11770 ,1.6,17964.97,Oeste de Minas,Divinópolis,0.689,265.730 ,4.15 ,44.29 
São Gonçalo Do Rio Abaixo,"""São Gonçalo Do Rio Abaixo""",11850 ,3.1,224983.89,Metropolitana de Belo Horizonte,Itabira,0.667,363.828 ,3.52 ,32.57 
São Gonçalo Do Rio Preto,"""São Gonçalo Do Rio Preto""",3032 ,1.5,12318.87,Jequitinhonha,Diamantina,0.64,314.458 ,0.77 ,9.64 
São Gonçalo Do Sapucaí,"""São Gonçalo Do Sapucaí""",23959 ,1.8,30370.58,Sul/Sudoeste de Minas,Santa Rita do Sapucaí,0.715,516.683 ,6.14 ,46.37 
São Gotardo,"""São Gotardo""",40910 ,2.1,27445.84,Triângulo Mineiro/Alto Paranaíba,Patos de Minas,0.736,866.087 ,7.12 ,47.24 
São João Batista Do Glória,"""São João Batista Do Glória""",7652 ,1.8,26771.01,Sul/Sudoeste de Minas,Passos,0.724,547.908 ,1.95 ,13.97 
São João Da Lagoa,"""São João Da Lagoa""",4822 ,1.6,11103,Norte de Minas,Montes Claros,0.634,998.015 ,0.92 ,4.83 
São João Da Mata,"""São João Da Mata""",2914 ,1.8,18282.42,Sul/Sudoeste de Minas,Santa Rita do Sapucaí,0.653,120.536 ,0.63 ,24.18 
São João Da Ponte,"""São João Da Ponte""",23930 ,1.7,10177.25,Norte de Minas,Montes Claros,0.569,1851.102 ,4.06 ,12.93 
São João Das Missões,"""São João Das Missões""",13024 ,1.7,6855.16,Norte de Minas,Januária,0.529,678.274 ,1.71 ,19.20 
São João Del Rei,"""São João Del-Rei""",90225 ,2.4,27659.48,Campo das Vertentes,São João Del Rei,0.758,1452.002 ,24.02 ,62.14 
São João Do Manhuaçu,"""São João Do Manhuaçu""",11246 ,1.5,12978.78,Zona da Mata,Manhuaçu,0.65,143.096 ,1.57 ,78.59 
São João Do Manteninha,"""São João Do Manteninha""",5331 ,1.4,12345.97,Vale do Rio Doce,Mantena,0.64,137.928 ,1.64 ,38.65 
São João Do Oriente,"""São João Do Oriente""",7070 ,1.7,13545.19,Vale do Rio Doce,Caratinga,0.648,120.122 ,1.73 ,58.86 
São João Do Pacuí,"""São João Do Pacuí""",3971 ,1.4,9023.87,Norte de Minas,Montes Claros,0.625,415.922 ,0.63 ,9.55 
São João Do Paraíso,"""São João Do Paraíso""",23910 ,1.5,10651.84,Norte de Minas,Salinas,0.615,1925.575 ,2.62 ,12.42 
São João Evangelista,"""São João Evangelista""",15315 ,1.5,13930.45,Vale do Rio Doce,Guanhães,0.638,478.183 ,4.05 ,32.03 
São João Nepomuceno,"""São João Nepomuceno""",25565 ,1.4,16277.41,Zona da Mata,Juiz de Fora,0.708,407.427 ,6.08 ,62.75 
São Joaquim De Bicas,"""São Joaquim De Bicas""",34348 ,2.2,22018.67,Metropolitana de Belo Horizonte,Belo Horizonte,0.662,71.758 ,15.09 ,478.66 
São José Da Barra,"""São José Da Barra""",7793 ,4,108329.2,Sul/Sudoeste de Minas,Passos,0.739,308.319 ,3.24 ,25.28 
São José Da Lapa,"""São José Da Lapa""",26015 ,2.5,23295.01,Metropolitana de Belo Horizonte,Belo Horizonte,0.729,47.930 ,7.93 ,542.77 
São José Da Safira,"""São José Da Safira""",3806 ,1.4,9403.6,Vale do Rio Doce,Governador Valadares,0.583,213.881 ,0.75 ,17.79 
São José Da Varginha,"""São José Da Varginha""",4536 ,1.7,21076.25,Metropolitana de Belo Horizonte,Pará de Minas,0.704,205.501 ,1.25 ,22.07 
São José Do Alegre,"""São José Do Alegre""",4133 ,1.8,12371.06,Sul/Sudoeste de Minas,Santa Rita do Sapucaí,0.717,88.794 ,0.84 ,46.55 
São José Do Divino,"""São José Do Divino""",3464 ,1.7,11829.71,Vale do Rio Doce,Governador Valadares,0.658,328.704 ,0.69 ,10.54 
São José Do Goiabal,"""São José Do Goiabal""",5396 ,1.6,11351.67,Metropolitana de Belo Horizonte,Itabira,0.666,189.578 ,0.89 ,28.46 
São José Do Jacuri,"""São José Do Jacuri""",6197 ,1.6,14911.95,Vale do Rio Doce,Peçanha,0.566,345.146 ,0.94 ,17.95 
São José Do Mantimento,"""São José Do Mantimento""",2753 ,1.6,14109.66,Zona da Mata,Manhuaçu,0.657,54.701 ,0.53 ,50.33 
São Lourenço,"""São Lourenço""",44798 ,1.7,22617.36,Sul/Sudoeste de Minas,São Lourenço,0.759,58.019 ,10.36 ,772.13 
São Miguel Do Anta,"""São Miguel Do Anta""",6334 ,1.7,13634.86,Zona da Mata,Viçosa,0.644,152.111 ,1.14 ,41.64 
São Pedro Da União,"""São Pedro Da União""",4885 ,1.9,23771.91,Sul/Sudoeste de Minas,São Sebastião do Paraíso,0.674,260.827 ,1.46 ,18.73 
São Pedro Do Suaçuí,"""São Pedro Do Suaçuí""",5103 ,1.5,15099.81,Vale do Rio Doce,Peçanha,0.622,308.106 ,0.90 ,16.56 
São Pedro Dos Ferros,"""São Pedro Dos Ferros""",7166 ,1.6,15987.95,Zona da Mata,Ponte Nova,0.659,402.739 ,1.19 ,17.79 
São Romão,"""São Romão""",10315 ,1.5,13446.49,Norte de Minas,Pirapora,0.64,2434.004 ,2.12 ,4.24 
São Roque De Minas,"""São Roque De Minas""",7129 ,2,39268.41,Oeste de Minas,Piuí,0.672,2098.867 ,1.79 ,3.40 
São Sebastião Da Bela Vista,"""São Sebastião Da Bela Vista""",6387 ,1.9,70688.08,Sul/Sudoeste de Minas,Santa Rita do Sapucaí,0.692,167.428 ,1.96 ,38.15 
São Sebastião Da Vargem Alegre,"""São Sebastião Da Vargem Alegre""",3113 ,1.7,17558.83,Zona da Mata,Muriaé,0.66,73.629 ,0.55 ,42.28 
São Sebastião Do Anta,"""São Sebastião Do Anta""",6194 ,1.5,12439.19,Vale do Rio Doce,Caratinga,0.607,80.618 ,1.61 ,76.83 
São Sebastião Do Maranhão,"""São Sebastião Do Maranhão""",10079 ,1.4,9332.97,Vale do Rio Doce,Peçanha,0.581,517.830 ,1.58 ,19.46 
São Sebastião Do Oeste,"""São Sebastião Do Oeste""",8815 ,1.9,87340.22,Oeste de Minas,Divinópolis,0.626,408.090 ,2.37 ,21.60 
São Sebastião Do Paraíso,"""São Sebastião Do Paraíso""",71796 ,1.9,28923,Sul/Sudoeste de Minas,São Sebastião do Paraíso,0.722,814.925 ,19.72 ,88.10 
São Sebastião Do Rio Preto,"""São Sebastião Do Rio Preto""",1259 ,1.7,15725.92,Metropolitana de Belo Horizonte,Conceição do Mato Dentro,0.632,128.002 ,0.54 ,9.84 
São Sebastião Do Rio Verde,"""São Sebastião Do Rio Verde""",2300 ,1.7,15399.5,Sul/Sudoeste de Minas,São Lourenço,0.676,90.848 ,0.56 ,25.32 
São Tomé Das Letras,"""São Tomé Das Letras""",6904 ,1.4,15920.53,Sul/Sudoeste de Minas,Varginha,0.667,369.747 ,0.70 ,18.67 
São Tiago,"""São Tiago""",11192 ,1.6,18855.38,Campo das Vertentes,São João Del Rei,0.662,572.400 ,3.01 ,19.55 
São Tomás De Aquino,"""São Tomás De Aquino""",6740 ,1.8,23728.13,Sul/Sudoeste de Minas,São Sebastião do Paraíso,0.7,277.928 ,1.07 ,24.25 
São Vicente De Minas,"""São Vicente De Minas""",6804 ,1.7,23311.62,Sul/Sudoeste de Minas,Andrelândia,0.715,392.651 ,1.76 ,17.33 
Sapucaí-Mirim,"""Sapucaí-Mirim""",6311 ,1.5,15674.7,Sul/Sudoeste de Minas,Pouso Alegre,0.68,285.073 ,1.82 ,22.14 
Sardoá,"""Sardoá""",5104 ,1.4,10076.29,Vale do Rio Doce,Guanhães,0.636,141.904 ,1.07 ,35.97 
Sarzedo,"""Sarzedo""",36844 ,2.5,34967.99,Metropolitana de Belo Horizonte,Belo Horizonte,0.734,62.134 ,7.58 ,592.98 
Sem-Peixe,"""Sem-Peixe""",2433 ,1.4,12887.31,Zona da Mata,Ponte Nova,0.654,176.634 ,0.48 ,13.77 
Senador Amaral,"""Senador Amaral""",6206 ,1.4,14350.04,Sul/Sudoeste de Minas,Pouso Alegre,0.661,151.097 ,1.12 ,41.07 
Senador Cortes,"""Senador Cortes""",2240 ,1.3,17482.98,Zona da Mata,Juiz de Fora,0.674,98.336 ,0.44 ,22.78 
Senador Firmino,"""Senador Firmino""",7716 ,1.5,12778.57,Zona da Mata,Ubá,0.644,166.495 ,2.40 ,46.34 
Senador José Bento,"""Senador José Bento""",2068 ,1.5,19461.99,Sul/Sudoeste de Minas,Pouso Alegre,0.684,93.892 ,0.31 ,22.03 
Senador Modestino Gonçalves,"""Senador Modestino Gonçalves""",4008 ,1.7,21102.69,Jequitinhonha,Diamantina,0.62,952.055 ,0.73 ,4.21 
Senhora De Oliveira,"""Senhora De Oliveira""",5483 ,1.7,12951.74,Zona da Mata,Viçosa,0.631,170.749 ,1.71 ,32.11 
Senhora Do Porto,"""Senhora Do Porto""",3067 ,1.6,11518.37,Vale do Rio Doce,Guanhães,0.565,381.328 ,0.54 ,8.04 
Senhora Dos Remédios,"""Senhora Dos Remédios""",10384 ,1.6,9711.31,Campo das Vertentes,Barbacena,0.626,237.815 ,2.45 ,43.66 
Sericita,"""Sericita""",7345 ,1.2,15487.36,Zona da Mata,Ponte Nova,0.56,166.012 ,0.97 ,44.24 
Seritinga,"""Seritinga""",1819 ,1.8,22906.5,Sul/Sudoeste de Minas,Andrelândia,0.66,114.769 ,0.50 ,15.85 
Serra Azul De Minas,"""Serra Azul De Minas""",3792 ,1.4,8961.35,Metropolitana de Belo Horizonte,Conceição do Mato Dentro,0.557,218.595 ,0.52 ,17.35 
Serra Da Saudade,"""Serra Da Saudade""",833 ,2.1,27133.08,Central Mineira,Bom Despacho,0.677,335.659 ,0.24 ,2.48 
Serra Do Salitre,"""Serra Do Salitre""",11801 ,2,52184.95,Triângulo Mineiro/Alto Paranaíba,Patrocínio,0.696,1295.272 ,2.43 ,9.11 
Serra Dos Aimorés,"""Serra Dos Aimorés""",6944 ,1.7,9348.91,Vale do Mucuri,Nanuque,0.651,213.574 ,2.25 ,32.51 
Serrania,"""Serrania""",7621 ,1.8,18752.62,Sul/Sudoeste de Minas,Alfenas,0.677,209.270 ,1.39 ,36.42 
Serranópolis De Minas,"""Serranópolis De Minas""",4399 ,1.7,8381.95,Norte de Minas,Janaúba,0.633,551.954 ,0.46 ,7.97 
Serranos,"""Serranos""",1990 ,2.2,16732,Sul/Sudoeste de Minas,Andrelândia,0.643,213.173 ,0.50 ,9.34 
Serro,"""Serro""",21952 ,1.7,12988.02,Metropolitana de Belo Horizonte,Conceição do Mato Dentro,0.656,1217.813 ,4.94 ,18.03 
Sete Lagoas,"""Sete Lagoas""",227360 ,2.3,38250.03,Metropolitana de Belo Horizonte,Sete Lagoas,0.76,536.928 ,66.15 ,423.45 
Setubinha,"""Setubinha""",9917 ,1.3,8365.74,Vale do Mucuri,Teófilo Otoni,0.542,534.655 ,1.61 ,18.55 
Silveirânia,"""Silveirânia""",2323 ,1.6,14283.56,Zona da Mata,Ubá,0.652,157.456 ,0.60 ,14.75 
Silvianópolis,"""Silvianópolis""",6179 ,1.6,21252.51,Sul/Sudoeste de Minas,Santa Rita do Sapucaí,0.699,312.166 ,1.10 ,19.79 
Simão Pereira,"""Simão Pereira""",2947 ,2,39588.9,Zona da Mata,Juiz de Fora,0.638,135.689 ,1.57 ,21.72 
Simonésia,"""Simonésia""",19750 ,1.5,12480.89,Zona da Mata,Manhuaçu,0.632,486.543 ,2.07 ,40.59 
Sobrália,"""Sobrália""",5137 ,1.8,10951.55,Vale do Rio Doce,Governador Valadares,0.631,206.787 ,1.18 ,24.84 
Soledade De Minas,"""Soledade De Minas""",5613 ,1.7,11896.31,Sul/Sudoeste de Minas,São Lourenço,0.697,196.866 ,1.43 ,28.51 
Tabuleiro,"""Tabuleiro""",4014 ,1.6,16961.41,Zona da Mata,Ubá,0.681,211.084 ,1.01 ,19.02 
Taiobeiras,"""Taiobeiras""",33050 ,1.5,14714.39,Norte de Minas,Salinas,0.67,1220.046 ,7.37 ,27.09 
Taparuba,"""Taparuba""",3387 ,1.5,14257.09,Vale do Rio Doce,Aimorés,0.645,193.082 ,0.76 ,17.54 
Tapira,"""Tapira""",4118 ,3.3,122976.59,Triângulo Mineiro/Alto Paranaíba,Araxá,0.712,1179.248 ,0.84 ,3.49 
Tapiraí,"""Tapiraí""",1690 ,1.9,26077.47,Oeste de Minas,Piuí,0.667,407.920 ,0.34 ,4.14 
Taquaraçu De Minas,"""Taquaraçu De Minas""",4224 ,1.8,14327.81,Metropolitana de Belo Horizonte,Itabira,0.651,329.287 ,3.95 ,12.83 
Tarumirim,"""Tarumirim""",14709 ,1.4,11666.26,Vale do Rio Doce,Caratinga,0.633,731.753 ,3.23 ,20.10 
Teixeiras,"""Teixeiras""",12255 ,1.5,13849.9,Zona da Mata,Viçosa,0.675,166.735 ,2.53 ,73.50 
Teófilo Otoni,"""Teófilo Otoni""",137418 ,1.7,19873.45,Vale do Mucuri,Teófilo Otoni,0.701,3242.270 ,24.01 ,42.38 
Timóteo,"""Timóteo""",81579 ,2.5,40195.42,Vale do Rio Doce,Ipatinga,0.77,144.381 ,18.13 ,565.03 
Tiradentes,"""Tiradentes""",7744 ,1.3,21071.47,Campo das Vertentes,São João Del Rei,0.74,83.047 ,4.93 ,93.25 
Tiros,"""Tiros""",7883 ,2.3,45315.75,Triângulo Mineiro/Alto Paranaíba,Patos de Minas,0.683,2091.774 ,2.03 ,3.77 
Tocantins,"""Tocantins""",16185 ,1.5,18391.83,Zona da Mata,Ubá,0.688,173.866 ,3.61 ,93.09 
Tocos Do Moji,"""Tocos Do Moji""",3826 ,1.7,14923,Sul/Sudoeste de Minas,Pouso Alegre,0.696,114.705 ,1.08 ,33.36 
Toledo,"""Toledo""",7214 ,1.5,13114.22,Sul/Sudoeste de Minas,Pouso Alegre,0.661,136.776 ,1.34 ,52.74 
Tombos,"""Tombos""",8609 ,1.5,14510.44,Zona da Mata,Muriaé,0.718,285.124 ,1.62 ,30.19 
Três Corações,"""Três Corações""",75485 ,2,32604.19,Sul/Sudoeste de Minas,Varginha,0.744,828.038 ,21.56 ,91.16 
Três Marias,"""Três Marias""",28895 ,2.1,90315.57,Central Mineira,Três Marias,0.752,2678.253 ,12.17 ,10.79 
Três Pontas,"""Três Pontas""",55259 ,1.8,27366.84,Sul/Sudoeste de Minas,Varginha,0.731,689.794 ,10.61 ,80.11 
Tumiritinga,"""Tumiritinga""",5886 ,1.3,10630.94,Vale do Rio Doce,Governador Valadares,0.626,500.073 ,1.74 ,11.77 
Tupaciguara,"""Tupaciguara""",25470 ,2.3,33536.9,Triângulo Mineiro/Alto Paranaíba,Uberlândia,0.719,1822.530 ,8.11 ,13.98 
Turmalina,"""Turmalina""",20000 ,1.8,20978.3,Jequitinhonha,Capelinha,0.682,1153.111 ,4.91 ,17.34 
Turvolândia,"""Turvolândia""",4935 ,1.7,22609.33,Sul/Sudoeste de Minas,Santa Rita do Sapucaí,0.696,221.000 ,1.10 ,22.33 
Ubá,"""Ubá""",103365 ,1.7,28249.62,Zona da Mata,Ubá,0.724,407.452 ,20.76 ,253.69 
Ubaí,"""Ubaí""",11708 ,1.4,8329.26,Norte de Minas,Montes Claros,0.609,820.524 ,2.60 ,14.27 
Ubaporanga,"""Ubaporanga""",13017 ,1.6,12188.77,Vale do Rio Doce,Caratinga,0.614,189.045 ,2.85 ,68.86 
Uberaba,"""Uberaba""",337846 ,2.6,50997.49,Triângulo Mineiro/Alto Paranaíba,Uberaba,0.772,4523.957 ,98.72 ,74.68 
Uberlândia,"""Uberlândia""",713232 ,2.6,53828.78,Triângulo Mineiro/Alto Paranaíba,Uberlândia,0.789,4115.206 ,172.85 ,173.32 
Umburatiba,"""Umburatiba""",2684 ,1.7,18612.89,Vale do Mucuri,Nanuque,0.638,405.834 ,0.84 ,6.61 
Unaí,"""Unaí""",86619 ,2.1,39131.9,Noroeste de Minas,Unaí,0.736,8445.432 ,20.18 ,10.26 
União De Minas,"""União De Minas""",3828 ,1.7,27214.37,Triângulo Mineiro/Alto Paranaíba,Frutal,0.672,1147.407 ,0.92 ,3.34 
Uruana De Minas,"""Uruana De Minas""",3282 ,1.7,20513,Noroeste de Minas,Unaí,0.664,598.221 ,0.99 ,5.49 
Urucânia,"""Urucânia""",10600 ,1.7,23359.53,Zona da Mata,Ponte Nova,0.633,138.792 ,1.77 ,76.37 
Urucuia,"""Urucuia""",17479 ,1.7,9004.03,Norte de Minas,Januária,0.619,2076.942 ,2.12 ,8.42 
Vargem Alegre,"""Vargem Alegre""",5780 ,1.8,10598.88,Vale do Rio Doce,Caratinga,0.631,116.664 ,1.19 ,49.54 
Vargem Bonita,"""Vargem Bonita""",2158 ,2.1,28573.82,Oeste de Minas,Piuí,0.696,409.888 ,0.60 ,5.26 
Vargem Grande Do Rio Pardo,"""Vargem Grande Do Rio Pardo""",4633 ,1.3,11753.64,Norte de Minas,Salinas,0.634,491.512 ,1.00 ,9.43 
Varginha,"""Varginha""",136467 ,2.1,45797.14,Sul/Sudoeste de Minas,Varginha,0.778,395.396 ,34.95 ,345.14 
Varjão De Minas,"""Varjão De Minas""",6969 ,1.8,29105.78,Noroeste de Minas,Paracatu,0.711,651.505 ,1.11 ,10.70 
Várzea Da Palma,"""Várzea Da Palma""",33744 ,1.7,22457.68,Norte de Minas,Pirapora,0.666,2220.279 ,11.37 ,15.20 
Varzelândia,"""Varzelândia""",18840 ,1.7,9037.7,Norte de Minas,Montes Claros,0.594,814.994 ,4.59 ,23.12 
Vazante,"""Vazante""",19975 ,2.4,43090.61,Noroeste de Minas,Paracatu,0.742,1913.396 ,5.71 ,10.44 
Verdelândia,"""Verdelândia""",7672 ,1.5,10049.78,Norte de Minas,Montes Claros,0.584,1570.582 ,1.07 ,4.88 
Veredinha,"""Veredinha""",5181 ,1.5,21136.08,Jequitinhonha,Capelinha,0.632,631.692 ,1.79 ,8.20 
Veríssimo,"""Veríssimo""",3411 ,1.8,32305.56,Triângulo Mineiro/Alto Paranaíba,Uberaba,0.667,1031.823 ,1.30 ,3.31 
Vermelho Novo,"""Vermelho Novo""",4899 ,1.7,10561.66,Zona da Mata,Ponte Nova,0.612,115.242 ,0.60 ,42.51 
Vespasiano,"""Vespasiano""",129246 ,2.3,20876.8,Metropolitana de Belo Horizonte,Belo Horizonte,0.688,71.040 ,21.18 ,1819.34 
Viçosa,"""Viçosa""",76430 ,3,22472.92,Zona da Mata,Viçosa,0.775,299.418 ,18.23 ,255.26 
Vieiras,"""Vieiras""",3700 ,1.6,13305.54,Zona da Mata,Muriaé,0.668,112.691 ,0.50 ,32.83 
Virgem Da Lapa,"""Virgem Da Lapa""",11804 ,1.7,9030.64,Jequitinhonha,Araçuaí,0.61,868.914 ,2.61 ,13.58 
Virgínia,"""Virgínia""",8908 ,1.5,18837.01,Sul/Sudoeste de Minas,Itajubá,0.651,326.515 ,2.48 ,27.28 
Virginópolis,"""Virginópolis""",10314 ,1.5,15536.94,Vale do Rio Doce,Guanhães,0.675,439.878 ,2.27 ,23.45 
Virgolândia,"""Virgolândia""",4552 ,1.5,10291.99,Vale do Rio Doce,Governador Valadares,0.62,281.022 ,1.03 ,16.20 
Visconde Do Rio Branco,"""Visconde Do Rio Branco""",39160 ,1.9,30276.85,Zona da Mata,Ubá,0.709,243.351 ,10.47 ,160.92 
Volta Grande,"""Volta Grande""",4443 ,1.7,24050.74,Zona da Mata,Cataguases,0.669,205.552 ,1.72 ,21.61 
Wenceslau Braz,"""Wenceslau Braz""",2356 ,1.8,11996.43,Sul/Sudoeste de Minas,Itajubá,0.678,102.487 ,0.58 ,22.99 
